x,y,interior,uz,uz_exact,uz_error,ur,ur_exact,ur_error,p,p_exact,p_error,mu_t,mu_t_exact,mu_t_error,mu_eff,mu_eff_exact,mu_eff_error
0.03125,0.03125,False,6.8777632508061e-05,0.0018258072723256191,-0.001757029639817558,-0.0017816529729805,-0.0017703714001982007,-1.1281572782299376e-05,0.023512231551647,3.0517578125e-05,0.023481713973522,0.0078969845281899,0.008100925700444208,-0.0002039411722543072,0.01789698452819,0.018100925700444206,-0.00020394117225420658
0.03125,0.09375,False,0.0004375292535512,0.0017689467404125025,-0.0013314174868613027,-0.00523507019969,-0.005228371719567804,-6.6984801221966345e-06,0.023716751953027,0.000274658203125,0.023442093749902,0.0094956694454608,0.009728557401012689,-0.00023288795555188868,0.019495669445461,0.01972855740101269,-0.00023288795555168745
0.03125,0.15625,False,0.0007033834000067,0.0016572394288232317,-0.0009538560288165317,-0.0086617205586058,-0.008441392583335983,-0.00022032797526981736,0.0241282657141,0.000762939453125,0.023365326260975,0.011879287128884,0.012129932770585869,-0.00025064564170186945,0.021879287128884,0.02212993277058587,-0.00025064564170186945
0.03125,0.21875,False,0.0007485673151616,0.0014947128420317313,-0.0007461455268701313,-0.011757125999781,-0.011256940979365027,-0.0005001850204159729,0.024684254040544,0.001495361328125,0.023188892712419,0.014284966654445,0.014594050913564319,-0.00030908425911931915,0.024284966654445,0.02459405091356432,-0.0003090842591193209
0.03125,0.28125,False,0.0006542704670273,0.0012874082367488882,-0.0006331377697215882,-0.014295516534393,-0.013538763832912082,-0.0007567527014809179,0.025395652958771,0.002471923828125,0.022923729130646,0.016325649458909,0.016713903856654423,-0.0003882543977454245,0.026325649458909,0.026713903856654425,-0.0003882543977454245
0.03125,0.34375,False,0.0005018654479944,0.0010433806219225517,-0.0005415151739281516,-0.016128138680725,-0.015173343981587095,-0.0009547946991379057,0.026312661376147,0.003692626953125,0.022620034423022,0.017793807998039,0.018249508275022617,-0.00045570027698361645,0.027793807998039,0.028249508275022615,-0.00045570027698361645
0.03125,0.40625,False,0.0003409039775312,0.0007726987587375334,-0.00043179478120633334,-0.017155560600371,-0.016076396150310757,-0.001079164450060243,0.027484464959497,0.005157470703125,0.022326994256372,0.018559007992356,0.01905392010823719,-0.0004949121158811902,0.028559007992356,0.029053920108237187,-0.0004949121158811867
0.03125,0.46875,False,0.0001936421979321,0.00048744516061560716,-0.00029380296268350715,-0.017323172762056,-0.016199362926272443,-0.0011238098357835569,0.028939091731722,0.006866455078125,0.022072636653597,0.018544775121291,0.019047617243375753,-0.0005028421220847519,0.028544775121291,0.029047617243375755,-0.0005028421220847554
0.03125,0.53125,False,6.4845664125981e-05,0.00020171609321550932,-0.00013687042908952832,-0.01662797088944,-0.015535910733888159,-0.001092060155551841,0.030677033304095,0.008819580078125,0.02185745322597,0.017733101905783,0.018212292830977427,-0.0004791909251944289,0.027733101905783,0.028212292830977426,-0.0004791909251944254
0.03125,0.59375,False,-4.8961270901717e-05,-6.837842556706164e-05,1.941715466534464e-05,-0.015125486475307,-0.014128425809758483,-0.0009970606655485183,0.032688347286135,0.011016845703125,0.021671501583009997,0.016171765859505,0.016592116748332213,-0.0004203508888272131,0.026171765859505,0.026592116748332215,-0.0004203508888272131
0.03125,0.65625,False,-0.0001504335247329,-0.00030471462559944484,0.00015428110086654483,-0.012930648231406,-0.012074510177626507,-0.0008561380537794924,0.034979674985177,0.013458251953125,0.021521423032051998,0.013971227499482,0.014297850851543142,-0.00032662335206114224,0.023971227499482,0.024297850851543144,-0.0003266233520611457
0.03125,0.71875,False,-0.0002286554294688,-0.0004871549845120171,0.0002584995550432171,-0.010221341973402,-0.009533477623335784,-0.0006878643500662154,0.037576961710908,0.016143798828125,0.021433162882782998,0.011304210937943,0.01151150035473953,-0.0002072894167965307,0.021304210937943,0.021511500354739532,-0.0002072894167965307
0.03125,0.78125,False,-0.0002587413058513,-0.0005935482276981929,0.0003348069218468929,-0.0072440611724753,-0.006732849669788266,-0.0005112115026870345,0.040510183901272,0.019073486328125,0.021436697573147,0.0084119109215075,0.008488690678356154,-7.677975684865397e-05,0.018411910921508,0.018488690678356155,-7.67797568481561e-05
0.03125,0.84375,False,-0.0002293547608895,-0.0005997293283144245,0.00037037456742492446,-0.0043117578767278,-0.003974851551902248,-0.0003369063248255524,0.04378434771204,0.022247314453125,0.021537033258914998,0.0056049670660268,0.0055500367510200035,5.49303150067966e-05,0.015604967066027,0.015550036751020003,5.4930315006997826e-05
0.03125,0.90625,False,-0.0001881062057184,-0.00047951950728020165,0.00029141330156180165,-0.0017819436950185,-0.0016429081915703136,-0.00013903550344818638,0.047351452533312,0.025665283203125,0.021686169330187,0.0031884139187512,0.0030247806920454907,0.00016363322670570916,0.013188413918751,0.01302478069204549,0.0001636332267055101
0.03125,0.96875,False,-0.0001411869542048,-0.00020472623327805195,6.353927907325194e-05,-6.1481447720431e-05,-0.00020814017261727713,0.00014665872489684614,0.051097601094269,0.029327392578125,0.021770208516144002,0.0011817595073722,0.001023122361064821,0.00015863714630737886,0.011181759507372,0.011023122361064822,0.00015863714630717785
0.09375,0.03125,False,0.01375100744658,0.014380369661012082,-0.0006293622144320828,-0.0044375132884974,-0.004306000115320785,-0.00013151317317661518,0.023135657698433,9.1552734375e-05,0.023044104964058,0.019208628349971,0.019104699116065643,0.00010392923390535602,0.029208628349971,0.02910469911606564,0.00010392923390535949
0.09375,0.09375,False,0.01338739682297,0.013932526408098056,-0.0005451295851280555,-0.012870049113608,-0.012716749279206851,-0.00015329983440114797,0.023889076964403,0.000823974609375,0.023065102355028,0.018821661860228,0.01890004278501041,-7.83809247824098e-05,0.028821661860228,0.02890004278501041,-7.838092478241326e-05
0.09375,0.15625,False,0.012646494435397,0.013052700558546348,-0.0004062061231493493,-0.020627146621833,-0.020531645186565584,-9.550143526741717e-05,0.025264505466693,0.002288818359375,0.022975687107318,0.018312150862044,0.018494678402150636,-0.0001825275401066348,0.028312150862044,0.028494678402150635,-0.0001825275401066348
0.09375,0.21875,False,0.011507642274656,0.01177261342490965,-0.0002649711502536508,-0.027421450658873,-0.027379785478842678,-4.166518003032374e-05,0.027318866071081,0.004486083984375,0.022832782086706,0.017695810998678,0.01789805262074256,-0.00020224162206455842,0.027695810998678,0.02789805262074256,-0.0002022416220645619
0.09375,0.28125,False,0.010003048837432,0.010139846976016997,-0.00013679813858499812,-0.032970330996239,-0.03292976751617971,-4.0563480059291335e-05,0.030077474221583,0.007415771484375,0.022661702737208,0.016942480714201,0.01712793871861308,-0.00018545800441208127,0.026942480714201,0.027127938718613083,-0.00018545800441208127
0.09375,0.34375,False,0.008179763331148,0.00821784383697377,-3.808050582577126e-05,-0.037007906121459,-0.03690548826489248,-0.00010241785656651958,0.033546675430662,0.011077880859375,0.022468794571286997,0.016046150153147,0.016213910600362293,-0.000167760447215292,0.026046150153147,0.026213910600362295,-0.00016776044721529548
0.09375,0.40625,False,0.0061001909531126,0.006085907289161696,1.4283663950904156e-05,-0.039303353484129,-0.03910194418494939,-0.00020140929917961126,0.037731493657866,0.015472412109375,0.022259081548491003,0.015036578841083,0.015200225201602554,-0.00016364636051955338,0.025036578841083,0.025200225201602554,-0.0001636463605195551
0.09375,0.46875,False,0.0038591121398435,0.0038392012702388456,1.9910869604654498e-05,-0.039693090913969,-0.03940103111744975,-0.0002920597965192506,0.042645633461119,0.020599365234375,0.022046268226744,0.013976349338492,0.014145795960235739,-0.00016944662174373827,0.023976349338492,0.02414579596023574,-0.00016944662174374
0.09375,0.53125,False,0.0015958142216105,0.0015887503741396358,7.063847470864179e-06,-0.038127715080828,-0.037787344172102166,-0.00034037090872583026,0.048304673305864,0.026458740234375,0.021845933071489,0.012947858727598,0.013117338953176072,-0.00016948022557807148,0.022947858727598,0.023117338953176074,-0.0001694802255780732
0.09375,0.59375,False,-0.0005235493247068,-0.0005385601489251712,1.5010824218371268e-05,-0.03471133460146,-0.03436397761470289,-0.00034735698675711357,0.0547229443271,0.033050537109375,0.021672407217725002,0.012014005719755,0.012170721313141394,-0.00015671559338639382,0.022014005719755,0.022170721313141392,-0.00015671559338639382
0.09375,0.65625,False,-0.0023384771777543,-0.0023999843924684683,6.150721471416846e-05,-0.029705460385728,-0.02936832475461415,-0.000337135631113851,0.061920582467382,0.040374755859375,0.021545826608007003,0.011167226482671,0.01131846185967662,-0.00015123537700562073,0.021167226482671,0.02131846185967662,-0.00015123537700561726
0.09375,0.71875,False,-0.0036981620719611,-0.003836915793726803,0.0001387537217657029,-0.023522150214454,-0.02318787783224252,-0.0003342723822114778,0.069913444833609,0.048431396484375,0.021482048349234006,0.010330083799322,0.010491601776667468,-0.00016151797734546836,0.020330083799322,0.020491601776667468,-0.00016151797734546836
0.09375,0.78125,False,-0.0044715159631945,-0.004674887133660377,0.0002033711704658766,-0.016711255139757,-0.016376027906517265,-0.0003352272332397335,0.078706230815703,0.057220458984375,0.021485771831327993,0.0093666497719104,0.00951544634218115,-0.0001487965702707504,0.01936664977191,0.01951544634218115,-0.0001487965702711494
0.09375,0.84375,False,-0.0045423795341955,-0.004723570536953048,0.00018119100275754748,-0.0099400900358841,-0.009667864742368693,-0.00027222529351540736,0.088307631235285,0.066741943359375,0.021565687875909997,0.0080646992235655,0.008115599187008871,-5.089996344337204e-05,0.018064699223566,0.01811559918700887,-5.0899963442870705e-05
0.09375,0.90625,False,-0.0037568496484655,-0.003776777472012327,1.9927823546826966e-05,-0.0039962551422025,-0.003995976698206505,-2.7844399599560865e-07,0.09872633151119,0.076995849609375,0.021730481901814994,0.0060863010020023,0.005965365561542786,0.00012093544045951431,0.016086301002002,0.015965365561542787,0.00012093544045921334
0.09375,0.96875,False,-0.0017454862701724,-0.001612458750969381,-0.00013302751920301887,3.6489882946826e-05,-0.0005062506133981515,0.0005427404963449775,0.10980302150152,0.087982177734375,0.021820843767145007,0.0031144905526379,0.0030029205169034706,0.00011157003573442938,0.013114490552638,0.01300292051690347,0.00011157003573452999
0.15625,0.03125,False,0.034579207209935,0.034625741454874515,-4.653424493951397e-05,-0.0057774394077712,-0.005653766729665222,-0.0001236726781059785,0.023076286857795,0.000152587890625,0.02292369896717,0.024931621095458,0.025035160624088677,-0.00010353952863067714,0.034931621095458,0.03503516062408868,-0.00010353952863068061
0.15625,0.09375,False,0.033575898948583,0.03354740306349413,2.849588508886669e-05,-0.016832597242336,-0.016697058072168147,-0.00013553917016785252,0.024232311084495,0.001373291015625,0.02285902006887,0.024211860355129,0.024377944759060122,-0.00016608440393112156,0.034211860355129,0.03437794475906012,-0.00016608440393112156
0.15625,0.15625,True,0.031552047326385,0.03142891632705869,0.00012313099932631522,-0.02706185459313,-0.0269579956693633,-0.00010385892376670036,0.026486733690484,0.003814697265625,0.022672036424859,0.022924469550982,0.023098424514804736,-0.00017395496382273737,0.032924469550982,0.033098424514804735,-0.0001739549638227339
0.15625,0.21875,True,0.028537111404743,0.028346661338218837,0.0001904500665241629,-0.036016406463456,-0.03594958570829476,-6.682075516123431e-05,0.029969902237583,0.007476806640625,0.022493095596958,0.02111408145302,0.021268933811263126,-0.0001548523582431266,0.03111408145302,0.031268933811263125,-0.0001548523582431266
0.15625,0.28125,True,0.024646013521864,0.02441520823595056,0.00023080528591344282,-0.043260632380781,-0.04323669740188052,-2.39349789004778e-05,0.03470279349142,0.012359619140625,0.022343174350794998,0.018882571285895,0.019005315143646322,-0.0001227438577513229,0.028882571285895,0.02900531514364632,-0.00012274385775131944
0.15625,0.34375,True,0.020034934393293,0.019787317205555155,0.0002476171877378447,-0.048436003187365,-0.048456808199262014,2.0805011897016834e-05,0.040672432570695,0.018463134765625,0.02220929780507,0.016400326654469,0.016479019010875236,-7.869235640623612e-05,0.026400326654469,0.026479019010875238,-7.869235640623612e-05
0.15625,0.40625,True,0.01488718353882,0.014653938478659256,0.00023324506016074442,-0.05128571545607,-0.05134074899615371,5.5033540083709864e-05,0.04786873189715,0.025787353515625,0.022081378381524998,0.013913766314412,0.01393842623419008,-2.4659919778081615e-05,0.023913766314412,0.023938426234190083,-2.465991977808335e-05
0.15625,0.46875,True,0.0094265222052183,0.009244212333214818,0.00018230987200348187,-0.051671151966175,-0.05173344934519264,6.229737901763954e-05,0.056292405018381,0.034332275390625,0.021960129627756002,0.011755194618052,0.011734093274711992,2.1101343340008266e-05,0.021755194618052,0.021734093274711992,2.1101343340008266e-05
0.15625,0.53125,True,0.0039455353769256,0.003825469093499123,0.000120066283426477,-0.049593615928829,-0.04961468266628799,2.1066737458989848e-05,0.065942310888546,0.044097900390625,0.021844410497921005,0.010311662242064,0.010290804566651041,2.0857675412959062e-05,0.020311662242064,0.02029080456665104,2.0857675412957327e-05
0.15625,0.59375,True,-0.0012064865370873,-0.001296770869885222,9.028433279792197e-05,-0.045197660939662,-0.04511981145697064,-7.784948269136394e-05,0.076815673322617,0.055084228515625,0.021731444806992004,0.0098366116270897,0.00987972289821034,-4.311127112064002e-05,0.01983661162709,0.019879722898210342,-4.311127112034338e-05
0.15625,0.65625,True,-0.0056814706814052,-0.005778797140010283,9.73264586050836e-05,-0.038755550952052,-0.03856053250274272,-0.00019501844930928242,0.088924003299928,0.067291259765625,0.021632743534303,0.010151318986314,0.010281884797155026,-0.00013056581084102542,0.020151318986314,0.020281884797155026,-0.00013056581084102542
0.15625,0.71875,True,-0.0091221885104751,-0.009238709253622801,0.00011652074314770153,-0.030726142713657,-0.030445622087427182,-0.0002805206262298174,0.10228214696256,0.080718994140625,0.021563152821934994,0.010691505915031,0.01087460583585352,-0.00018309992082252147,0.020691505915031,0.020874605835853523,-0.00018309992082252147
0.15625,0.78125,True,-0.011149740031173,-0.01125641670114419,0.00010667666997118963,-0.021803055714506,-0.021501681203517364,-0.0003013745109886369,0.11690254957091,0.095367431640625,0.021535117930284994,0.010831306153108,0.01100545234593337,-0.00017414619282536854,0.020831306153108,0.02100545234593337,-0.00017414619282537028
0.15625,0.84375,True,-0.01135397843431,-0.011373638926670537,1.9660492360537227e-05,-0.012901139951776,-0.012693880762526533,-0.0002072591892494681,0.13282663733489,0.111236572265625,0.021590065069265002,0.010078419786942,0.010159326840379268,-8.090705343726835e-05,0.020078419786942,0.020159326840379268,-8.090705343726662e-05
0.15625,0.90625,False,-0.0092559688172595,-0.009093905327972607,-0.00016206348928689274,-0.0051166276331143,-0.005246706805337453,0.00013007917222315323,0.15012426451104,0.128326416015625,0.021797848495414995,0.0081172434622728,0.008046102330893428,7.114113137937118e-05,0.018117243462273,0.01804610233089343,7.114113137957068e-05
0.15625,0.96875,False,-0.0042154951589875,-0.0038825552564958343,-0.0003329399024916656,6.5622498154281e-05,-0.0006647057125519495,0.0007303282107062306,0.16856284815646,0.146636962890625,0.021925885265835,0.0054549308591841,0.005426185845114621,2.8745014069479248e-05,0.015454930859184,0.015426185845114621,2.87450140693795e-05
0.21875,0.03125,False,0.05853153004934,0.05818454496875347,0.00034698508058653155,-0.0061361398396584,-0.005996419258735841,-0.00013972058092255862,0.023107926574388,0.000213623046875,0.022894303527513,0.026406861244419,0.026541551678395288,-0.00013469043397628874,0.036406861244419,0.03654155167839529,-0.0001346904339762922
0.21875,0.09375,False,0.056775411158673,0.056372522294623195,0.00040288886404980795,-0.017840837609888,-0.017709000985632883,-0.0001318366242551161,0.024728828380133,0.001922607421875,0.022806220958258,0.025549362946414,0.02575763122570296,-0.00020826827928896105,0.035549362946414,0.03575763122570296,-0.00020826827928896452
0.21875,0.15625,True,0.053274927605523,0.05281265089251974,0.0004622767130032582,-0.028686686696468,-0.02859181358871865,-9.48731077493499e-05,0.027911355964209,0.005340576171875,0.022570779792334,0.024018547515034,0.024228136586775438,-0.0002095890717414388,0.034018547515034,0.03422813658677544,-0.00020958907174144226
0.21875,0.21875,True,0.048114490306745,0.047633278654757305,0.0004812116519876952,-0.038200603788854,-0.038128348478494445,-7.225531035955773e-05,0.032827680890138,0.010467529296875,0.022360151593263003,0.021846641944154,0.022032214289904577,-0.0001855723457505759,0.031846641944154,0.032032214289904576,-0.0001855723457505759
0.21875,0.28125,True,0.041486517949719,0.04102692741980718,0.0004595905299118186,-0.045905609327787,-0.04585710330502479,-4.850602276220556e-05,0.039498510485235,0.017303466796875,0.02219504368836,0.019144419791028,0.01929630339595053,-0.0001518836049225307,0.029144419791028,0.029296303395950532,-0.0001518836049225307
0.21875,0.34375,True,0.03365767969488,0.03325029297229776,0.00040738672258223974,-0.051405041710168,-0.05139358445376274,-1.1457256405257576e-05,0.047911822287779,0.025848388671875,0.022063433615904002,0.016105653925646,0.016209268085774334,-0.00010361416012833607,0.026105653925646,0.026209268085774333,-0.0001036141601283326
0.21875,0.40625,True,0.024958078720838,0.024624245043014525,0.0003338336778234731,-0.054414488191225,-0.05445230954137514,3.782135015014537e-05,0.05806416111241,0.036102294921875,0.021961866190535,0.013026582541981,0.013057430156707904,-3.0847614726903574e-05,0.023026582541981,0.023057430156707904,-3.084761472690531e-05
0.21875,0.46875,True,0.015791690227262,0.015533827308900072,0.00025786291836192923,-0.054789946134498,-0.05486880991156795,7.886377706994852e-05,0.069960016913993,0.048065185546875,0.021894831367118006,0.010350436800621,0.010297400802898307,5.3035997722692546e-05,0.020350436800621,0.020297400802898307,5.3035997722692546e-05
0.21875,0.53125,True,0.0066443294251724,0.006428257393054082,0.00021607203211831787,-0.052567833798208,-0.052621633130911505,5.3799332703503844e-05,0.083583828358718,0.061737060546875,0.021846767811843,0.0086800624733651,0.008611621187492733,6.844128587236639e-05,0.018680062473365,0.01861162118749273,6.844128587226925e-05
0.21875,0.59375,True,-0.0019724471541959,-0.0021790731352666626,0.0002066259810707626,-0.047923730134737,-0.04785434548466583,-6.938465007116923e-05,0.098899097402316,0.077117919921875,0.021781177480441005,0.0084892919021635,0.008520827971363727,-3.153606920022756e-05,0.018489291902163,0.01852082797136373,-3.1536069200730626e-05
0.21875,0.65625,True,-0.0095313291304637,-0.009710598760648281,0.00017926963018458086,-0.041091067859193,-0.04089753447260591,-0.0001935333865870914,0.11589788096867,0.094207763671875,0.021690117296795,0.0094437653957618,0.00958095131267881,-0.0001371859169170108,0.019443765395762,0.019580951312678813,-0.0001371859169168113
0.21875,0.71875,True,-0.015390417530603,-0.015524580021519796,0.00013416249091679523,-0.032549744594851,-0.03229081130484701,-0.00025893329000398896,0.13460470967794,0.113006591796875,0.021598117881065,0.01059727332587,0.010786208778612142,-0.00018893545274214184,0.02059727332587,0.02078620877861214,-0.0001889354527421401
0.21875,0.78125,True,-0.018849000902201,-0.01891510351015313,6.610260795213152e-05,-0.023067759658011,-0.022804813397669932,-0.00026294626034106816,0.15505271635165,0.133514404296875,0.021538312054774994,0.011164710108438,0.01135457262312671,-0.00018986251468871077,0.021164710108438,0.021354572623126712,-0.00018986251468871077
0.21875,0.84375,True,-0.019164163333643,-0.01911208187266311,-5.208146097988864e-05,-0.013629368573522,-0.013463206869346322,-0.00016616170417567758,0.17732044366468,0.155731201171875,0.021589242492805,0.010718010608872,0.010828280785913504,-0.00011027017704150384,0.020718010608872,0.020828280785913506,-0.00011027017704150557
0.21875,0.90625,False,-0.015516288853178,-0.015281253809007467,-0.0002350350441705333,-0.0053836135053217,-0.005564689035963966,0.00018107553064226553,0.20151883216742,0.179656982421875,0.021861849745545003,0.0092396092857228,0.009211889932024006,2.7719353698794913e-05,0.019239609285723,0.019211889932024006,2.771935369899267e-05
0.21875,0.96875,False,-0.0070792044731067,-0.006524184072986827,-0.0005550204001198728,9.641336364724e-05,-0.0007049909072520677,0.0008014042708993077,0.22731156404583,0.205291748046875,0.022019815998955,0.0081047644538388,0.008162406896586547,-5.764244274774656e-05,0.018104764453839,0.018162406896586547,-5.764244274754707e-05
0.28125,0.03125,False,0.081998354489183,0.08140896546501608,0.0005893890241669142,-0.0056954850179828,-0.005516705718036974,-0.00017877929994582643,0.023202231635097,0.000274658203125,0.022927573431972,0.02430747537641,0.024415204440979332,-0.00010772906456933337,0.03430747537641,0.034415204440979334,-0.00010772906456933684
0.28125,0.09375,False,0.079520706854115,0.07887367209150398,0.0006470347626110207,-0.016448307514425,-0.016292280906782253,-0.0001560266076427487,0.02531189079079,0.002471923828125,0.022839966962665,0.023470917016892,0.023669803863659224,-0.0001988868467672246,0.033470917016892,0.033669803863659226,-0.00019888684676722806
0.28125,0.15625,True,0.07458301511766,0.07389287438672909,0.0006901407309309049,-0.02640776996164,-0.02630446850162116,-0.00010330146001884255,0.029445613221122,0.006866455078125,0.022579158142997,0.022017954374475,0.022214205925828272,-0.00019625155135327352,0.032017954374475,0.03221420592582827,-0.00019625155135327005
0.28125,0.21875,True,0.06732156637788,0.06664615043519007,0.0006754159426899387,-0.035158702547522,-0.03507808060021489,-8.06219473071107e-05,0.035814595776195,0.013458251953125,0.022356343823070002,0.019950445365518,0.020120937494420777,-0.0001704921289027786,0.029950445365518,0.030120937494420776,-0.00017049212890277513
0.28125,0.28125,True,0.05800908516948,0.05740286736363487,0.0006062178058451329,-0.04225657212888,-0.04218853504062281,-6.803708825719318e-05,0.044434085846258,0.022247314453125,0.022186771393133,0.017365209563792,0.017505560604816676,-0.00014035104102467708,0.027365209563792,0.027505560604816674,-0.0001403510410246736
0.28125,0.34375,True,0.047023380845879,0.046522181341060787,0.0005011995048182158,-0.047331177007352,-0.04728209769746172,-4.907930989028059e-05,0.055285675147661,0.033233642578125,0.022052032569536,0.014440569843587,0.014540518679230736,-9.994883564373724e-05,0.024440569843587,0.02454051867923074,-9.994883564373724e-05
0.28125,0.40625,True,0.034840345821652,0.03445303757871443,0.00038730824293756877,-0.050116571205893,-0.05009612477806513,-2.0446427827870706e-05,0.068366509023875,0.046417236328125,0.021949272695750005,0.011451539723283,0.011489734578031994,-3.819485474899388e-05,0.021451539723283,0.021489734578031994,-3.8194854748992146e-05
0.28125,0.46875,True,0.022040593539906,0.02173417033009173,0.00030642320981427024,-0.050472266939995,-0.050479305118642515,7.038178647514326e-06,0.083685875583842,0.061798095703125,0.021887779880716995,0.0088290852012631,0.0087921469811055,3.693822015760073e-05,0.018829085201263,0.018792146981105498,3.693822015750359e-05
0.28125,0.53125,True,0.0092924546152568,0.008994102890937938,0.00029835172431886235,-0.048424936654113,-0.048411902480438584,-1.3034173674417171e-05,0.10122989923468,0.079376220703125,0.021853678531554996,0.0072188168070698,0.007167190788406575,5.162601866322541e-05,0.01721881680707,0.017167190788406575,5.1626018663424034e-05
0.28125,0.59375,True,-0.002737437429408,-0.0030488524007523665,0.00031141497134436636,-0.044136607446621,-0.04402599784589256,-0.00011060960072843684,0.12095007876391,0.099151611328125,0.021798467435784993,0.0071788793362989,0.007213673993803248,-3.479465750434816e-05,0.017178879336299,0.017213673993803247,-3.479465750424668e-05
0.28125,0.65625,True,-0.013328080246846,-0.013586594164735288,0.00025851391788928903,-0.037818023466065,-0.03762573171479744,-0.00019229175126755926,0.1428263477952,0.121124267578125,0.02170208021707501,0.0082926982278592,0.008412448321028783,-0.00011975009316958322,0.018292698227859,0.018412448321028785,-0.00011975009316978619
0.28125,0.71875,True,-0.021551728992859,-0.021721231978517608,0.00016950298565860875,-0.029938589327245,-0.02970754640045925,-0.00023104292678574959,0.1668874719256,0.145294189453125,0.021593282472474995,0.0095355493651274,0.009708676483566431,-0.0001731271184390315,0.019535549365127,0.01970867648356643,-0.0001731271184394305
0.28125,0.78125,True,-0.026394970576127,-0.026465086377356783,7.011580122978298e-05,-0.021218455473387,-0.020980428325856337,-0.00023802714753066306,0.19317792449712,0.171661376953125,0.021516547543995013,0.010223820981447,0.010410370700903044,-0.00018654971945604448,0.020223820981447,0.020410370700903045,-0.00018654971945604448
0.28125,0.84375,True,-0.026792112574799,-0.026740688854260952,-5.1423720538047724e-05,-0.012550476976837,-0.012386150319798617,-0.00016432665703838313,0.22180222670497,0.200225830078125,0.02157639662684499,0.010152808008895,0.010258405969992024,-0.00010559796109702382,0.020152808008895,0.020258405969992024,-0.00010559796109702382
0.28125,0.90625,False,-0.021640156713494,-0.02138078185998893,-0.0002593748535050719,-0.0049457888679569,-0.005119513913086848,0.00017372504512994796,0.25288659335331,0.230987548828125,0.021899044525184985,0.009740347933691,0.009708039323708935,3.230860998206485e-05,0.019740347933691,0.019708039323708935,3.230860998206658e-05
0.28125,0.96875,False,-0.0099028963499007,-0.009128318803050206,-0.000774577546850494,0.0001914088867437,-0.0006485916346719023,0.0008400005214156022,0.28598409833401,0.263946533203125,0.022037565130885006,0.010730410207294,0.010870200182419194,-0.00013978997512519367,0.020730410207294,0.020870200182419196,-0.00013978997512519714
0.34375,0.03125,False,0.10209195139417,0.10138075115355605,0.0007112002406139545,-0.0046467643912933,-0.00439737412307295,-0.00024939026822034995,0.023353497065912,0.000335693359375,0.023017803706537,0.019435838061536,0.019460532773338205,-2.469471180220617e-05,0.029435838061536,0.029460532773338204,-2.46947118022027e-05
0.34375,0.09375,False,0.099016666723797,0.09822348284615146,0.0007931838776455424,-0.013198087740574,-0.012986600722797448,-0.00021148701777655259,0.02594855743133,0.003021240234375,0.022927317196955,0.018702618955541,0.018859459715294756,-0.0001568407597537548,0.028702618955541,0.028859459715294758,-0.00015684075975375827
0.34375,0.15625,True,0.092858261607794,0.0920207629151264,0.0008374986926675959,-0.021100274828257,-0.020967329965060344,-0.00013294486319665594,0.031033372788366,0.008392333984375,0.022641038803991,0.017528110149789,0.017685305294384942,-0.00015719514459594172,0.027528110149789,0.02768530529438494,-0.00015719514459594172
0.34375,0.21875,True,0.083799731907325,0.08299622472804913,0.0008035071792758669,-0.028061421018259,-0.02796078888422926,-0.00010063213402974197,0.038858278293208,0.016448974609375,0.022409303683833003,0.015864923516932,0.015995833302113897,-0.00013090978518189716,0.025864923516932,0.0259958333021139,-0.00013090978518190063
0.34375,0.28125,True,0.072187318105124,0.07148531833627203,0.000701999768851963,-0.033717778967767,-0.03362854242368485,-8.923654408215381e-05,0.049432951566023,0.027191162109375,0.022241789456648002,0.013780233879825,0.013883296955231675,-0.00010306307540667442,0.023780233879825,0.023883296955231677,-0.00010306307540667789
0.34375,0.34375,True,0.058496539914428,0.05793531047493161,0.0005612294394963871,-0.037767232524965,-0.03768862859942601,-7.86039255389892e-05,0.062728276107986,0.040618896484375,0.022109379623610995,0.011416863357449,0.01148573599257213,-6.887263512313051e-05,0.021416863357449,0.02148573599257213,-6.887263512313224e-05
0.34375,0.40625,True,0.043328953856613,0.04290528456294851,0.0004236692936644901,-0.039996848132559,-0.039931693663675105,-6.515446888389481e-05,0.078733505806652,0.056732177734375,0.022001328072277004,0.008994181626343,0.009015319639207556,-2.1138012864555314e-05,0.018994181626343,0.019015319639207558,-2.113801286455705e-05
0.34375,0.46875,True,0.027412216929892,0.027066140703027486,0.000346076226864514,-0.040291827409727,-0.040237127268483164,-5.470014124383388e-05,0.097454000002153,0.075531005859375,0.021922994142778,0.0068595109233748,0.006828777161804411,3.073376157038902e-05,0.016859510923375,0.016828777161804413,3.073376157058591e-05
0.34375,0.53125,True,0.011560761852848,0.011200595681657433,0.00036016617119056724,-0.038660216355935,-0.038589197629335104,-7.101872659989739e-05,0.11888259059968,0.097015380859375,0.021867209740304996,0.0055591921636415,0.005523533524519908,3.565863912159163e-05,0.015559192163642,0.01552353352451991,3.565863912209123e-05
0.34375,0.59375,True,-0.0034141776913773,-0.003796817030888633,0.00038263933951133283,-0.035221605090647,-0.03509318668875494,-0.0001284184018920595,0.14298207466574,0.121185302734375,0.021796771931365005,0.0055739697300851,0.005598205083467806,-2.4235353382705965e-05,0.015573969730085,0.015598205083467806,-2.423535338280658e-05
0.34375,0.65625,True,-0.016602001890126,-0.016919747280553565,0.0003177453904275665,-0.030161452397691,-0.029991525279911002,-0.00016992711777999783,0.16973272952078,0.148040771484375,0.021691958036405,0.0065095519581539,0.00659889860324429,-8.934664509039052e-05,0.016509551958154,0.01659889860324429,-8.934664509028731e-05
0.34375,0.71875,True,-0.026840039805929,-0.027050028229496093,0.00020998842356709235,-0.023875732445132,-0.02367992829022114,-0.00019580415491085926,0.19915669864629,0.177581787109375,0.021574911536914987,0.0075326619048626,0.007678856969088152,-0.00014619506422555197,0.017532661904863,0.017678856969088153,-0.00014619506422515471
0.34375,0.78125,True,-0.032849759192279,-0.032957676356090815,0.00010791716381181732,-0.016944528076384,-0.01672352982495795,-0.00022099825142605015,0.23129778695402,0.209808349609375,0.021489437344645007,0.0082216757851051,0.00838190331376972,-0.00016022752866461966,0.018221675785105,0.01838190331376972,-0.00016022752866471854
0.34375,0.84375,True,-0.033303931213793,-0.033300891454928205,-3.03975886479374e-06,-0.010056449484417,-0.00987301837085397,-0.00018343111356303003,0.26627434351903,0.244720458984375,0.02155388453465501,0.008722449832767,0.008777956806137861,-5.550697337086165e-05,0.018722449832767,0.018777956806137863,-5.550697337086338e-05
0.34375,0.90625,False,-0.02692031167835,-0.02662605663681461,-0.0002942550415353899,-0.003923466635008,-0.004080771959706908,0.00015730532469890833,0.30421214245906,0.282318115234375,0.021894027224684975,0.0098444502848978,0.009788978526849849,5.5471758047950445e-05,0.019844450284898,0.019788978526849847,5.547175804815341e-05
0.34375,0.96875,False,-0.01233285555728,-0.011367738328772248,-0.0009651172285077524,0.0003452684333928,-0.0005169933319848496,0.0008622617653776496,0.34457372521815,0.322601318359375,0.021972406858774995,0.013006502829168,0.01321424289999277,-0.00020774007082477106,0.023006502829168,0.02321424289999277,-0.00020774007082477106
0.40625,0.03125,False,0.11663654394206,0.11591121319179365,0.0007253307502663453,-0.0032076509866309,-0.0028211724893481005,-0.00038647849728279957,0.023550323615413,0.000396728515625,0.023153595099788,0.012623669914127,0.01248485672465553,0.00013881318947146955,0.022623669914127,0.02248485672465553,0.0001388131894714678
0.40625,0.09375,False,0.11315979413897,0.11230142735257687,0.0008583667863931305,-0.0086551517709869,-0.008331663320859661,-0.0003234884501272378,0.02662688756812,0.003570556640625,0.023056330927495,0.012018857897676,0.012097531713635375,-7.867381595937431e-05,0.022018857897676,0.022097531713635377,-7.867381595937778e-05
0.40625,0.15625,True,0.10613072203669,0.10520969855679141,0.0009210234798985861,-0.013647333239924,-0.013451767536025727,-0.00019556570389827298,0.032659733176449,0.009918212890625,0.022741520285823998,0.01125027711972,0.01134090607466097,-9.06289549409689e-05,0.02125027711972,0.02134090607466097,-9.062895494097237e-05
0.40625,0.21875,True,0.095773304996408,0.0948917125697335,0.0008815924266745018,-0.01807897919823,-0.01793848014131072,-0.00014049905691928058,0.041933759153622,0.019439697265625,0.022494061887996998,0.010186523819043,0.010252555294655847,-6.60314756128471e-05,0.020186523819043,0.020252555294655847,-6.603147561284536e-05
0.40625,0.28125,True,0.082493859958681,0.08173099803934747,0.0007628619193335295,-0.021697856372399,-0.02157467526922119,-0.00012318110317781003,0.054456870407063,0.032135009765625,0.022321860641438,0.008849677265151,0.00889339293177267,-4.371566662166905e-05,0.018849677265151,0.018893392931772668,-4.3715666621667315e-05
0.40625,0.34375,True,0.066840845858286,0.06623892649622576,0.0006019193620602353,-0.024293486117835,-0.02417945782872266,-0.00011402828911234036,0.070191675504692,0.048004150390625,0.022187525114067005,0.0073363531997144,0.007356009773956917,-1.9656574242517093e-05,0.017336353199714,0.017356009773956918,-1.9656574242916947e-05
0.40625,0.40625,True,0.049507113150561,0.04905471235360892,0.00045240079695207935,-0.025724850815532,-0.025618515155656496,-0.000106335659875504,0.089118579653535,0.067047119140625,0.022071460512909993,0.0057954602745531,0.0057838981994377085,1.1562075115391889e-05,0.015795460274553,0.015783898199437707,1.1562075115292142e-05
0.40625,0.46875,True,0.031323601299616,0.030945412907385617,0.00037818839223038164,-0.025917555432986,-0.02581446866315673,-0.00010308676982926854,0.11123492257532,0.089263916015625,0.021971006559695,0.0044534771135857,0.004414486245984746,3.8990867600953785e-05,0.014453477113586,0.014414486245984747,3.899086760125216e-05
0.40625,0.53125,True,0.01320460362087,0.01280592833609262,0.0003986752847773799,-0.024868621976837,-0.024757225492066937,-0.00011139648477006409,0.13653768847584,0.114654541015625,0.021883147460214997,0.0036528792196946,0.003619914662424498,3.2964557270101936e-05,0.013652879219695,0.013619914662424498,3.296455727050222e-05
0.40625,0.59375,True,-0.0039220313284656,-0.004340998299085186,0.0004189669706195862,-0.022645328559278,-0.022514330161357066,-0.000130998397920936,0.16500807336045,0.143218994140625,0.02178907921982501,0.0036592541714014,0.0036628824613248335,-3.6282899234336627e-06,0.013659254171401,0.013662882461324834,-3.6282899238335165e-06
0.40625,0.65625,True,-0.018992562468672,-0.019344781054314808,0.00035221858564280645,-0.019381800939655,-0.019241316218540305,-0.00014048472111469548,0.19663392964164,0.174957275390625,0.021676654251015004,0.0041934050686251,0.004244312321649531,-5.090725302443061e-05,0.014193405068625,0.014244312321649532,-5.0907253024531224e-05
0.40625,0.71875,True,-0.030678689936811,-0.030926991103115142,0.00024830116630414345,-0.015346330496654,-0.015192057890089927,-0.00015427260656407198,0.23142656740297,0.209869384765625,0.02155718263734499,0.0048121590298504,0.00491517680816432,-0.00010301777831391978,0.01481215902985,0.014915176808164319,-0.00010301777831431963
0.40625,0.78125,True,-0.037511534814146,-0.037681356736356975,0.0001698219222109748,-0.01092579614065,-0.01072912173185614,-0.00019667440879386072,0.26942050652603,0.247955322265625,0.021465184260405,0.0055194264957329,0.005613544179244009,-9.411768351110916e-05,0.015519426495733,0.015613544179244009,-9.411768351100941e-05
0.40625,0.84375,True,-0.038013655447189,-0.03807376336226298,6.010791507397861e-05,-0.0065244315181663,-0.0063341182794829365,-0.00019031323868336312,0.31073541640159,0.289215087890625,0.021520328510965026,0.0069020327564844,0.006865800266404483,3.623249007991738e-05,0.016902032756484,0.016865800266404482,3.623249007951926e-05
0.40625,0.90625,False,-0.030792437395793,-0.030442253506407724,-0.00035018388938527767,-0.002438890331774,-0.0026180536988249514,0.00017916336705095124,0.35549448732981,0.333648681640625,0.021845805689184983,0.0097347785872518,0.009685388478227934,4.9390109023866174e-05,0.019734778587252,0.019685388478227935,4.939010902406393e-05
0.40625,0.96875,False,-0.014099792553999,-0.01299702681171766,-0.0011027657422813392,0.0005310752613907,-0.00033168143636430614,0.0008627566977550061,0.40311761704457,0.381256103515625,0.021861513528944998,0.014680795292352,0.014928111837709389,-0.0002473165453573886,0.024680795292352,0.02492811183770939,-0.0002473165453573921
0.46875,0.34375,True,0.0712197091526,0.07059919348648691,0.0006205156661130834,-0.0085030459966028,-0.00832086605441873,-0.00018217994218406967,0.077644847899922,0.055389404296875,0.022255443603047,0.0026565443904555,0.002594169178354158,6.237521210134163e-05,0.012656544390456,0.012594169178354158,6.237521210184123e-05
0.46875,0.40625,True,0.052739079310562,0.05228380518929043,0.00045527412127156774,-0.0089881927037919,-0.008816088211460738,-0.000172104492331163,0.099484365728982,0.077362060546875,0.022122305182107005,0.0022343545277777,0.0021570225749819555,7.733195279574457e-05,0.012234354527778,0.012157022574981956,7.733195279604338e-05
0.46875,0.46875,True,0.033365778869328,0.03298243659628497,0.0003833422730430275,-0.0090433111350887,-0.00888352160473005,-0.00015978953035865155,0.125,0.102996826171875,0.022003173828125,0.0019185641215721,0.0018606364320019626,5.792768957013747e-05,0.011918564121572,0.011860636432001963,5.792768957003751e-05
0.46875,0.53125,True,0.014059343558383,0.013648895901496871,0.0004104476568861284,-0.0086705229705898,-0.008519692983099958,-0.00015082998748984153,0.15418670059259,0.132293701171875,0.021892999420714987,0.0017591122633934,0.0017423029109070976,1.6809352486302307e-05,0.011759112263393,0.011742302910907098,1.6809352485902887e-05
0.46875,0.59375,True,-0.0041960649609562,-0.004626750387615175,0.00043068542665897474,-0.0078934824527892,-0.007747846411803039,-0.00014563604098616172,0.1870362169875,0.165252685546875,0.021783531440625004,0.0017021284083959,0.0017076702268124784,-5.541818416578397e-06,0.011702128408396,0.011707670226812478,-5.541818416478217e-06
0.46875,0.65625,True,-0.020253789485454,-0.020618177450160147,0.00036438796470614557,-0.0067548318589739,-0.006621505581279052,-0.0001333262776948476,0.2235432736234,0.201873779296875,0.021669494326525013,0.0016107298214287,0.001631955212161575,-2.1225390732875025e-05,0.011610729821429,0.011631955212161576,-2.122539073257622e-05
0.46875,0.71875,True,-0.032682538653014,-0.032962802151814685,0.00028026349880068413,-0.0053429378331869,-0.0052280361160228495,-0.00011490171716405095,0.26371204704595,0.242156982421875,0.021555064624075027,0.0016828567289267,0.0017054790525880407,-2.2622323661340704e-05,0.011682856728927,0.011705479052588041,-2.2622323661040597e-05
0.46875,0.78125,True,-0.039904364959751,-0.040161783044823096,0.0002574180850720975,-0.0038437299538873,-0.0036922078834322747,-0.00015152207045502535,0.30756225419624,0.286102294921875,0.021459959274365004,0.0028301418843707,0.0027636373823924894,6.650450197821052e-05,0.012830141884371,0.01276363738239249,6.650450197850932e-05
0.46875,0.84375,True,-0.040470038660371,-0.04058002036799735,0.00010998170762634846,-0.0023312769339717,-0.0021797573026560713,-0.0001515196313156288,0.35519349556203,0.333709716796875,0.021483778765155004,0.0054287368623974,0.005333537121425091,9.519974097230936e-05,0.015428736862397,0.01533353712142509,9.51997409719095e-05
0.46875,0.90625,False,-0.032837051226469,-0.03244615604671708,-0.0003908951797519239,-0.0006552268216086,-0.0009009496534417849,0.0002457228318331849,0.4067518838398,0.384979248046875,0.021772635792924988,0.0095698594067241,0.009581008537799227,-1.1149131075126675e-05,0.019569859406724,0.019581008537799226,-1.1149131075225555e-05
0.46875,0.96875,False,-0.015021206164237,-0.013852573692929582,-0.0011686324713074178,0.0007322470730776,-0.0001141413849836681,0.0008463884580612681,0.46165477845268,0.439910888671875,0.021743889780804992,0.01557881373659,0.01583066212024542,-0.00025184838365542063,0.02557881373659,0.025830662120245422,-0.00025184838365542236
0.46875,0.03125,False,0.12415552879023,0.12354122568467574,0.0006143031055542564,-0.0016891758968191,-0.0009708488323667552,-0.0007183270644523447,0.023799867555095,0.000457763671875,0.02334210388322,0.0050363086382178,0.004296382578134371,0.0007399260600834297,0.015036308638218,0.01429638257813437,0.0007399260600836292
0.46875,0.09375,False,0.12056738608158,0.1196938208067877,0.0008735652747923067,-0.0034502172542541,-0.002867171588150086,-0.0005830456661040143,0.02736408755607,0.004119873046875,0.023244214509195,0.0042149442757478,0.004162913587748904,5.2030687998895486e-05,0.014214944275748,0.014162913587748904,5.203068799909498e-05
0.46875,0.15625,True,0.11311345707351,0.11213526936444396,0.0009781877090660474,-0.004961497476335,-0.004629150771506829,-0.0003323467048281705,0.034337270995665,0.011444091796875,0.022893179198789998,0.0038679555081674,0.003902681211140483,-3.472570297308316e-05,0.013867955508167,0.013902681211140484,-3.472570297348432e-05
0.46875,0.21875,True,0.10207896794373,0.10113808798450918,0.0009408799592208195,-0.0063965183415451,-0.006173161182232434,-0.0002233571593126659,0.045041360297723,0.022430419921875,0.022610940375848,0.0035281034424604,0.003531371728105341,-3.2682856449411414e-06,0.01352810344246,0.01353137172810534,-3.268285645339694e-06
0.46875,0.28125,True,0.087916242790372,0.08711105160728039,0.0008051911830916081,-0.0076168344336209,-0.007424483392242109,-0.00019235104137879048,0.059489855040473,0.037078857421875,0.022410997618598,0.0031110827804745,0.0030783933408032806,3.268943967121938e-05,0.013111082780474,0.01307839334080328,3.268943967071891e-05
0.53125,0.71875,True,-0.03266581652049,-0.032962802151814685,0.0002969856313246866,0.0050971016975437,0.0052280361160228495,-0.00013093441847914986,0.29601843712674,0.274444580078125,0.021573857048614975,0.001728788680888,0.0017054790525880407,2.3309628299959372e-05,0.011728788680888,0.011705479052588041,2.330962829995807e-05
0.53125,0.78125,True,-0.039901831513753,-0.040161783044823096,0.00025995153107009894,0.0035156956396717,0.0036922078834322747,-0.00017651224376057486,0.34570841329128,0.324249267578125,0.021459145713154992,0.0028364335359411,0.0027636373823924894,7.279615354861043e-05,0.012836433535941,0.01276363738239249,7.279615354850895e-05
0.53125,0.84375,True,-0.040494551005085,-0.04058002036799735,8.546936291235069e-05,0.0020684918145266,0.0021797573026560713,-0.00011126548812947145,0.39963403024429,0.378204345703125,0.021429684541165006,0.0053354799733494,0.005333537121425091,1.942851924309312e-06,0.015335479973349,0.01533353712142509,1.9428519239094583e-06
0.53125,0.90625,False,-0.032846434530088,-0.03244615604671708,-0.0004002784833709236,0.0012103334239089,0.0009009496534417849,0.0003093837704671151,0.45799795052934,0.436309814453125,0.021688136076215003,0.0094890421269268,0.009581008537799227,-9.196641087242698e-05,0.019489042126927,0.019581008537799226,-9.196641087222401e-05
0.53125,0.96875,False,-0.015010772267799,-0.013852573692929582,-0.0011581985748694186,0.0009443855610376,0.0001141413849836681,0.0008302441760539319,0.52020036006358,0.498565673828125,0.021634686235454947,0.015621796892531,0.01583066212024542,-0.0002088652277144193,0.025621796892531,0.025830662120245422,-0.00020886522771442276
0.53125,0.03125,False,0.12425451137158,0.12354122568467574,0.0007132856869042636,2.9575013196142e-05,0.0009708488323667552,-0.0009412738191706132,0.02419279905255,0.000518798828125,0.023674000224425,0.004055580932592,0.004296382578134371,-0.00024080164554237098,0.014055580932592,0.01429638257813437,-0.00024080164554237012
0.53125,0.09375,False,0.12052314957941,0.1196938208067877,0.0008293287726223036,0.0021295338016606,0.002867171588150086,-0.0007376377864894857,0.028160653607765,0.004669189453125,0.02349146415464,0.0041191303288955,0.004162913587748904,-4.378325885340435e-05,0.014119130328895,0.014162913587748904,-4.378325885390395e-05
0.53125,0.15625,True,0.11304641307637,0.11213526936444396,0.000911143711926049,0.0042307106993166,0.004629150771506829,-0.0003984400721902294,0.036029969645483,0.012969970703125,0.023059998942358002,0.0039592140453116,0.003902681211140483,5.653283417111693e-05,0.013959214045312,0.013902681211140484,5.653283417151635e-05
0.53125,0.21875,True,0.10203664057457,0.10113808798450918,0.0008985525900608166,0.0059523690381598,0.006173161182232434,-0.00022079214407263407,0.04814085388135,0.025421142578125,0.022719711303224997,0.0035783569653441,0.003531371728105341,4.6985237238759275e-05,0.013578356965344,0.01353137172810534,4.6985237238660396e-05
0.53125,0.28125,True,0.087897011501874,0.08711105160728039,0.0007859598945936103,0.0072872582361189,0.007424483392242109,-0.00013722515612320935,0.064500965115566,0.042022705078125,0.022478260037440995,0.0031213992829402,0.0030783933408032806,4.30059421369193e-05,0.01312139928294,0.01307839334080328,4.300594213671981e-05
0.53125,0.34375,True,0.071215539718497,0.07059919348648691,0.0006163462320100954,0.0082249972956105,0.00832086605441873,-9.586875880823048e-05,0.085070375443247,0.062774658203125,0.022295717240122,0.002645616792217,0.002594169178354158,5.144761386284167e-05,0.012645616792217,0.012594169178354158,5.1447613862842106e-05
0.53125,0.40625,True,0.052743822598971,0.05228380518929043,0.0004600174096805673,0.0087352027934234,0.008816088211460738,-8.088541803733668e-05,0.10982502151935,0.087677001953125,0.022148019566225002,0.0022135608664338,0.0021570225749819555,5.6538291451844504e-05,0.012213560866434,0.012157022574981956,5.653829145204313e-05
0.53125,0.46875,True,0.033374744079969,0.03298243659628497,0.0003923074836840318,0.0088003303856852,0.00888352160473005,-8.319121904484979e-05,0.13874860851757,0.116729736328125,0.02201887218944501,0.0018975507415217,0.0018606364320019626,3.69143095197374e-05,0.011897550741522,0.011860636432001963,3.6914309520037075e-05
0.53125,0.53125,True,0.014069910544596,0.013648895901496871,0.0004210146430991286,0.0084310321323207,0.008519692983099958,-8.866085077925863e-05,0.17182962349307,0.149932861328125,0.02189676216494499,0.0017427565018454,0.0017423029109070976,4.5359093830228334e-07,0.011742756501845,0.011742302910907098,4.535909379019959e-07
0.53125,0.59375,True,-0.0041844158525332,-0.004626750387615175,0.0004423345350819752,0.0076603112179049,0.007747846411803039,-8.753519389813856e-05,0.20906913754649,0.187286376953125,0.021782760593365008,0.0016891865281876,0.0017076702268124784,-1.8483698624878345e-05,0.011689186528188,0.011707670226812478,-1.8483698624479142e-05
0.53125,0.65625,True,-0.020240080183308,-0.020618177450160147,0.0003780972668521454,0.0065299210144125,0.006621505581279052,-9.158456686655242e-05,0.25047041043041,0.228790283203125,0.021680127227285018,0.0016120346917766,0.001631955212161575,-1.9920520384975006e-05,0.011612034691777,0.011631955212161576,-1.992052038457537e-05
0.59375,0.03125,False,0.11668260879781,0.11591121319179365,0.0007713956060163563,0.0020821039074502,0.0028211724893481005,-0.0007390685818979004,0.024654094776322,0.000579833984375,0.024074260791947,0.011902397874574,0.01248485672465553,-0.0005824588500815304,0.021902397874574,0.02248485672465553,-0.0005824588500815304
0.59375,0.09375,False,0.11306477339895,0.11230142735257687,0.0007633460463731395,0.0077074121074287,0.008331663320859661,-0.0006242512134309614,0.028968016144956,0.005218505859375,0.023749510285581,0.011894337682389,0.012097531713635375,-0.00020319403124637384,0.021894337682389,0.022097531713635377,-0.0002031940312463773
0.59375,0.15625,True,0.10601705049561,0.10520969855679141,0.0008073519388185901,0.013060179723182,0.013451767536025727,-0.0003915878128437269,0.037715954657947,0.014495849609375,0.023220105048572,0.011253360227055,0.01134090607466097,-8.754584760596942e-05,0.021253360227055,0.02134090607466097,-8.754584760597289e-05
0.59375,0.21875,True,0.095692892524769,0.0948917125697335,0.0008011799550354942,0.017674415688728,0.01793848014131072,-0.0002640644525827192,0.051237053976517,0.028411865234375,0.022825188742141997,0.010187679383368,0.010252555294655847,-6.487591128784623e-05,0.020187679383368,0.020252555294655847,-6.487591128784623e-05
0.59375,0.28125,True,0.082449795085989,0.08173099803934747,0.0007187970466415311,0.021372018978678,0.02157467526922119,-0.00020265629054318918,0.069517225665014,0.046966552734375,0.022550672930639004,0.0088406972388151,0.00889339293177267,-5.269569295756997e-05,0.018840697238815,0.018893392931772668,-5.269569295766885e-05
0.59375,0.34375,True,0.066825656872181,0.06623892649622576,0.0005867303759552467,0.024006654867592,0.02417945782872266,-0.00017280296113066085,0.092504914095031,0.070159912109375,0.022345001985656004,0.0073203638248723,0.007356009773956917,-3.564594908461727e-05,0.017320363824872,0.017356009773956918,-3.564594908491911e-05
0.59375,0.40625,True,0.049512498361645,0.04905471235360892,0.00045778600803608044,0.025458273415333,0.025618515155656496,-0.00016024174032349542,0.12017118257916,0.097991943359375,0.022179239219785,0.0057745083050825,0.0057838981994377085,-9.38989435520822e-06,0.015774508305083,0.015783898199437707,-9.389894354706885e-06
0.59375,0.46875,True,0.031341021737057,0.030945412907385617,0.00039560882967138583,0.025660549240191,0.02581446866315673,-0.00015391942296573077,0.15249440020319,0.130462646484375,0.022031753718814995,0.0044307501310296,0.004414486245984746,1.6263885044854112e-05,0.01443075013103,0.014414486245984747,1.62638850452531e-05
0.59375,0.53125,True,0.013228018989176,0.01280592833609262,0.000422090653083379,0.02461980398181,0.024757225492066937,-0.00013742151025693608,0.18946147807233,0.167572021484375,0.021889456587954992,0.0036291106919137,0.003619914662424498,9.196029489201823e-06,0.013629110691914,0.013619914662424498,9.196029489502364e-06
0.59375,0.59375,True,-0.0038950682951812,-0.004340998299085186,0.00044593000390398584,0.022413777545547,0.022514330161357066,-0.00010055261581006641,0.2310826853602,0.209320068359375,0.02176261700082499,0.0036329030082478,0.0036628824613248335,-2.9979453077033646e-05,0.013632903008248,0.013662882461324834,-2.9979453076834153e-05
0.59375,0.65625,True,-0.018962871318241,-0.019344781054314808,0.00038190973607380926,0.019174145029359,0.019241316218540305,-6.717118918130385e-05,0.27736522712798,0.255706787109375,0.021658440018605007,0.0041768884487654,0.004244312321649531,-6.742387288413091e-05,0.014176888448765,0.014244312321649532,-6.74238728845325e-05
0.59375,0.71875,True,-0.03064887195916,-0.030926991103115142,0.00027811914395514323,0.015139282344846,0.015192057890089927,-5.277554524392783e-05,0.32828446172246,0.306732177734375,0.021552283988085008,0.0048304537526862,0.00491517680816432,-8.472305547811958e-05,0.014830453752686,0.014915176808164319,-8.472305547831821e-05
0.59375,0.78125,True,-0.037510269511201,-0.037681356736356975,0.00017108722515597752,0.010661298067953,0.01072912173185614,-6.78236639031389e-05,0.38382135835852,0.362396240234375,0.021425118124144993,0.0055196756366324,0.005613544179244009,-9.386854261160885e-05,0.015519675636632,0.015613544179244009,-9.386854261200783e-05
0.59375,0.84375,True,-0.038071747077195,-0.03807376336226298,2.0162850679766864e-06,0.0063043860356928,0.0063341182794829365,-2.973224379013671e-05,0.4440650389745,0.422698974609375,0.021366064365125004,0.006702851943581,0.006865800266404483,-0.0001629483228234828,0.016702851943581,0.016865800266404482,-0.0001629483228234828
0.59375,0.90625,False,-0.030814947866763,-0.030442253506407724,-0.00037269436035527667,0.0029824981343729,0.0026180536988249514,0.00036444443554794863,0.5092597410312,0.487640380859375,0.021619360171824975,0.0095031608637751,0.009685388478227934,-0.00018222761445283418,0.019503160863775,0.019685388478227935,-0.00018222761445293306
0.59375,0.96875,False,-0.014066708921391,-0.01299702681171766,-0.0010696821096733405,0.0011811696040386,0.00033168143636430614,0.000849488167674294,0.57877152593884,0.557220458984375,0.02155106695446496,0.014814790435109,0.014928111837709389,-0.00011332140260038835,0.024814790435109,0.02492811183770939,-0.00011332140260039009
0.65625,0.03125,False,0.10212390239596,0.10138075115355605,0.0007431512424039555,0.0037921965631242,0.00439737412307295,-0.0006051775599487503,0.024989916574078,0.000640869140625,0.024349047433453,0.018847031306822,0.019460532773338205,-0.0006135014665162065,0.028847031306822,0.029460532773338204,-0.0006135014665162031
0.65625,0.09375,False,0.0989463200863,0.09822348284615146,0.0007228372401485439,0.012456215873127,0.012986600722797448,-0.0005303848496704486,0.029696580515061,0.005767822265625,0.023928758249436,0.018553028651938,0.018859459715294756,-0.0003064310633567567,0.028553028651938,0.028859459715294758,-0.0003064310633567567
0.65625,0.15625,True,0.092763616040172,0.0920207629151264,0.0007428531250456005,0.020598954118256,0.020967329965060344,-0.00036837584680434257,0.039349865760129,0.016021728515625,0.023328137244504,0.017478255679228,0.017685305294384942,-0.00020704961515694356,0.027478255679228,0.02768530529438494,-0.0002070496151569401
0.65625,0.21875,True,0.083725583293177,0.08299622472804913,0.0007293585651278744,0.027675535960994,0.02796078888422926,-0.0002852529232352588,0.054301213921949,0.031402587890625,0.022898626031323997,0.015827414216622,0.015995833302113897,-0.0001684190854918978,0.025827414216622,0.0259958333021139,-0.0001684190854918978
0.65625,0.28125,True,0.072143553165926,0.07148531833627203,0.0006582348296539642,0.033379713485333,0.03362854242368485,-0.00024882893835184716,0.074520564438641,0.051910400390625,0.022610164048015996,0.013748444625376,0.013883296955231675,-0.0001348523298556753,0.023748444625376,0.023883296955231677,-0.0001348523298556753
0.65625,0.34375,True,0.058481022134095,0.05793531047493161,0.0005457116591633879,0.037454951282154,0.03768862859942601,-0.00023367731727200886,0.099941807321206,0.077545166015625,0.022396641305581,0.011389823322905,0.01148573599257213,-9.591266966713086e-05,0.021389823322905,0.02148573599257213,-9.591266966713086e-05
0.65625,0.40625,True,0.043335238813945,0.04290528456294851,0.0004299542509964907,0.039701511678326,0.039931693663675105,-0.00023018198534910383,0.1305257154863,0.108306884765625,0.022218830720674987,0.0089698829955022,0.009015319639207556,-4.543664370535577e-05,0.018969882995502,0.019015319639207558,-4.5436643705557e-05
0.65625,0.46875,True,0.027431269509583,0.027066140703027486,0.00036512880655551264,0.040009557158669,0.040237127268483164,-0.0002275701098141611,0.16624317902808,0.144195556640625,0.022047622387455,0.0068363586867018,0.006828777161804411,7.581524897389003e-06,0.016836358686702,0.016828777161804413,7.581524897586761e-06
0.65625,0.53125,True,0.011585557035755,0.011200595681657433,0.0003849613540975669,0.038395863155278,0.038589197629335104,-0.00019333447405710247,0.20708573779569,0.185211181640625,0.021874556155065006,0.0055313777644188,0.005523533524519908,7.844239898891457e-06,0.015531377764419,0.01552353352451991,7.844239899090083e-06
0.65625,0.59375,True,-0.0033872681451087,-0.003796817030888633,0.00040954888577993294,0.034990944772714,0.03509318668875494,-0.00010224191604094046,0.2530808371796,0.231353759765625,0.021727077413975004,0.0055352793533122,0.005598205083467806,-6.292573015560538e-05,0.015535279353312,0.015598205083467806,-6.292573015580574e-05
0.65625,0.65625,True,-0.016576504155304,-0.016919747280553565,0.0003432431252495642,0.029974244808391,0.029991525279911002,-1.728047152000159e-05,0.30424004738604,0.282623291015625,0.02161675637041499,0.0064742436046761,0.00659889860324429,-0.00012465499856819003,0.016474243604676,0.01659889860324429,-0.0001246549985682889
0.65625,0.71875,True,-0.026820712921436,-0.027050028229496093,0.0002293153080600921,0.023708950067724,0.02367992829022114,2.9021777502857837e-05,0.36052421989054,0.339019775390625,0.02150444449991501,0.0075269667462862,0.007678856969088152,-0.00015189022280195225,0.017526966746286,0.017678856969088153,-0.00015189022280215347
0.65625,0.78125,True,-0.032861839951215,-0.032957676356090815,9.583640487581535e-05,0.016740111904495,0.01672352982495795,1.6582079537051653e-05,0.42190620148507,0.400543212890625,0.02136298859444502,0.0082115174524054,0.00838190331376972,-0.00017038586136432048,0.018211517452405,0.01838190331376972,-0.0001703858613647212
0.65625,0.84375,True,-0.033377628864844,-0.033300891454928205,-7.673740991579608e-05,0.0098806630707924,0.00987301837085397,7.644699938429492e-06,0.48849322762103,0.467193603515625,0.02129962410540498,0.0084958522880813,0.008777956806137861,-0.0002821045180565612,0.018495852288081,0.018777956806137863,-0.00028210451805686307
0.65625,0.90625,False,-0.026942596187955,-0.02662605663681461,-0.00031653955114039137,0.0044544339402573,0.004080771959706908,0.0003736619805503917,0.56055078175456,0.538970947265625,0.021579834488934968,0.0094819665732463,0.009788978526849849,-0.00030701195360354795,0.019481966573246,0.019788978526849847,-0.00030701195360384806
0.65625,0.96875,False,-0.012272325735688,-0.011367738328772248,-0.0009045874069157529,0.0014482904895114,0.0005169933319848496,0.0009312971575265504,0.63737663359811,0.615875244140625,0.02150138945748503,0.013246198713577,0.01321424289999277,3.195581358422968e-05,0.023246198713577,0.02321424289999277,3.195581358422794e-05
0.71875,0.03125,False,0.082070175573488,0.08140896546501608,0.0006612101084719213,0.0049578513355117,0.005516705718036974,-0.0005588543825252737,0.025182309843435,0.000701904296875,0.02448040554656,0.023762753582509,0.024415204440979332,-0.0006524508584703319,0.033762753582509,0.034415204440979334,-0.0006524508584703353
0.71875,0.09375,False,0.079513987287335,0.07887367209150398,0.0006403151958310205,0.015793615196942,0.016292280906782253,-0.0004986657098402514,0.030352798505366,0.006317138671875,0.024035659833491,0.023307918088166,0.023669803863659224,-0.0003618857754932245,0.033307918088166,0.033669803863659226,-0.0003618857754932245
0.71875,0.15625,True,0.074542233310733,0.07389287438672909,0.0006493589240039038,0.025940650828118,0.02630446850162116,-0.0003638176735031584,0.040941911176498,0.017547607421875,0.023394303754623,0.021943465988749,0.022214205925828272,-0.0002707399370792708,0.031943465988749,0.03221420592582827,-0.0002707399370792743
0.71875,0.21875,True,0.067282160438677,0.06664615043519007,0.0006360100034869393,0.03477636622924,0.03507808060021489,-0.00030171437097489123,0.057336580169367,0.034393310546875,0.022943269622491998,0.019892909353399,0.020120937494420777,-0.00022802814102177577,0.029892909353399,0.030120937494420776,-0.00022802814102177577
0.71875,0.28125,True,0.057985050632998,0.05740286736363487,0.000582183269363129,0.041907191917961,0.04218853504062281,-0.00028134312266180767,0.079501185092714,0.056854248046875,0.022646937045839005,0.017319816829844,0.017505560604816676,-0.00018574377497267494,0.027319816829844,0.027505560604816674,-0.00018574377497267494
0.71875,0.34375,True,0.047017767968911,0.046522181341060787,0.0004955866278502155,0.047001595013319,0.04728209769746172,-0.00028050268414272356,0.10735859547409,0.084930419921875,0.022428175552215004,0.014405384135134,0.014540518679230736,-0.0001351345440967367,0.024405384135134,0.02454051867923074,-0.00013513454409673845
0.71875,0.40625,True,0.034850104096697,0.03445303757871443,0.00039706651798256803,0.049803793873926,0.05009612477806513,-0.000292330904139132,0.1408615428511,0.118621826171875,0.022239716679225002,0.011422597155003,0.011489734578031994,-6.713742302899388e-05,0.021422597155003,0.021489734578031994,-6.713742302899214e-05
0.71875,0.46875,True,0.022057935317484,0.02173417033009173,0.0003237649873922728,0.050176046969814,0.050479305118642515,-0.0003032581488285127,0.17997726180305,0.157928466796875,0.022048795006174987,0.0088026428172663,0.0087921469811055,1.0495836160799576e-05,0.018802642817266,0.018792146981105498,1.0495836160501204e-05
0.71875,0.53125,True,0.0093095684886773,0.008994102890937938,0.00031546559773936236,0.048152791405606,0.048411902480438584,-0.00025911107483258394,0.22470441620012,0.202850341796875,0.021854074403244994,0.007187522639872,0.007167190788406575,2.0331851465425245e-05,0.017187522639872,0.017167190788406575,2.0331851465424378e-05
0.71875,0.59375,True,-0.0027247530661925,-0.0030488524007523665,0.00032409933455986636,0.043907592294482,0.04402599784589256,-0.00011840555141056502,0.27508130564739,0.253387451171875,0.021693854475514973,0.007134609154176,0.007213673993803248,-7.906483962724815e-05,0.017134609154176,0.017213673993803247,-7.906483962724642e-05
0.71875,0.65625,True,-0.013323064965749,-0.013586594164735288,0.0002635291989862877,0.037643621509101,0.03762573171479744,1.7889794303560524e-05,0.33111757892705,0.309539794921875,0.021577784005175016,0.0082489248894565,0.008412448321028783,-0.0001635234315722836,0.018248924889456,0.018412448321028785,-0.0001635234315727832
0.71875,0.71875,True,-0.021558417839631,-0.021721231978517608,0.00016281413888660778,0.029795437675354,0.02970754640045925,8.789127489474899e-05,0.39276464683903,0.371307373046875,0.021457273792155007,0.0095187262482823,0.009708676483566431,-0.00018995023528413195,0.019518726248282,0.01970867648356643,-0.00018995023528443206
0.71875,0.78125,True,-0.026430472121568,-0.026465086377356783,3.461425578878477e-05,0.021048594441263,0.020980428325856337,6.816611540666137e-05,0.45999606520456,0.438690185546875,0.02130587965768499,0.010208561042574,0.010410370700903044,-0.00020180965832904477,0.020208561042574,0.020410370700903045,-0.00020180965832904477
0.71875,0.84375,True,-0.026876577684527,-0.026740688854260952,-0.00013588883026604756,0.012401910066838,0.012386150319798617,1.5759747039384084e-05,0.53294529086176,0.511688232421875,0.021257058439885013,0.0099195172526066,0.010258405969992024,-0.00033888871738542437,0.019919517252607,0.020258405969992024,-0.0003388887173850254
0.71875,0.90625,False,-0.021652680587954,-0.02138078185998893,-0.00027189872796506975,0.0054667744605892,0.005119513913086848,0.0003472605475023519,0.61189542739023,0.590301513671875,0.02159391371835495,0.0092521565479893,0.009708039323708935,-0.00045588277571963383,0.019252156547989,0.019708039323708935,-0.00045588277571993394
0.71875,0.96875,False,-0.0098082145466822,-0.009128318803050206,-0.0006798957436319943,0.0017420289030378,0.0006485916346719023,0.0010934372683658977,0.69604865469563,0.674530029296875,0.021518625398755042,0.011105574572418,0.010870200182419194,0.00023537438999880582,0.021105574572418,0.020870200182419196,0.00023537438999880408
0.78125,0.03125,False,0.058670452934575,0.05818454496875347,0.0004859079658215276,0.0054323454822337,0.005996419258735841,-0.0005640737765021412,0.025273176449347,0.000762939453125,0.024510236996222,0.025871930350997,0.026541551678395288,-0.0006696213273982878,0.035871930350997,0.03654155167839529,-0.0006696213273982912
0.78125,0.09375,False,0.056850295927299,0.056372522294623195,0.0004777736326758014,0.017207533302919,0.017709000985632883,-0.0005014676827138839,0.030939903128982,0.006866455078125,0.024073448050857,0.025384210279422,0.02575763122570296,-0.00037342094628095915,0.035384210279422,0.03575763122570296,-0.0003734209462809626
0.78125,0.15625,True,0.053301997978474,0.05281265089251974,0.0004893470859542587,0.028227253176455,0.02859181358871865,-0.0003645604122636502,0.042479731605305,0.019073486328125,0.02340624527718,0.023942712883901,0.024228136586775438,-0.00028542370287443913,0.033942712883901,0.03422813658677544,-0.00028542370287443913
0.78125,0.21875,True,0.048120957586832,0.047633278654757305,0.00048767893207469354,0.037821707406445,0.038128348478494445,-0.00030664107204944613,0.060320805456174,0.037384033203125,0.022936772253049,0.021788853953307,0.022032214289904577,-0.0002433603365975777,0.031788853953307,0.032032214289904576,-0.00024336033659757422
0.78125,0.28125,True,0.041489737351477,0.04102692741980718,0.0004628099316698192,0.04556056270356,0.04585710330502479,-0.00029654060146479255,0.084426663653323,0.061798095703125,0.022628567950198006,0.019098257274739,0.01929630339595053,-0.00019804612121153073,0.029098257274739,0.029296303395950532,-0.00019804612121153073
0.78125,0.34375,True,0.033665786175512,0.03325029297229776,0.00041549320321424,0.051083033845306,0.05139358445376274,-0.00031055060845674304,0.11471582723847,0.092315673828125,0.022400153410345,0.016068101440048,0.016209268085774334,-0.0001411666457263351,0.026068101440048,0.026209268085774333,-0.00014116664572633164
0.78125,0.40625,True,0.024972357243411,0.024624245043014525,0.00034811220039647484,0.054113603915301,0.05445230954137514,-0.00033870562607414556,0.15114208590521,0.128936767578125,0.022205318327085,0.012992752365345,0.013057430156707904,-6.467779136290312e-05,0.022992752365345,0.023057430156707904,-6.467779136290486e-05
0.78125,0.46875,True,0.015806985208487,0.015533827308900072,0.0002731578995869288,0.054509269853439,0.05486880991156795,-0.0003595400581289515,0.19367783731004,0.171661376953125,0.022016460356915013,0.010316736578934,0.010297400802898307,1.9335776035692837e-05,0.020316736578934,0.020297400802898307,1.9335776035692837e-05
0.78125,0.53125,True,0.00665207394519,0.006428257393054082,0.00022381655213591766,0.052311621778031,0.052621633130911505,-0.0003100113528805015,0.24232425284038,0.220489501953125,0.021834750887255006,0.0086437599097748,0.008611621187492733,3.2138722282066753e-05,0.018643759909775,0.01861162118749273,3.2138722282269716e-05
0.78125,0.59375,True,-0.0019779565144502,-0.0021790731352666626,0.0002011166208164628,0.047706382562346,0.04785434548466583,-0.00014796292231982616,0.29710815488777,0.275421142578125,0.021687012309644982,0.0084482817920527,0.008520827971363727,-7.254617931102755e-05,0.018448281792053,0.01852082797136373,-7.254617931072918e-05
0.78125,0.65625,True,-0.0095520531013997,-0.009710598760648281,0.0001585456592485806,0.040922726274992,0.04089753447260591,2.5191802386088924e-05,0.35802602616033,0.336456298828125,0.021569727332205024,0.0094078904812132,0.00958095131267881,-0.00017306083146561083,0.019407890481213,0.019580951312678813,-0.00017306083146581205
0.78125,0.71875,True,-0.015428173698116,-0.015524580021519796,9.640632340379533e-05,0.032409041804612,0.03229081130484701,0.00011823049976499023,0.4250317007161,0.403594970703125,0.021436730012975025,0.01058689581924,0.010786208778612142,-0.0001993129593721426,0.02058689581924,0.02078620877861214,-0.00019931295937214086
0.78125,0.78125,True,-0.018911752473919,-0.01891510351015313,3.35103623412894e-06,0.02289969460103,0.022804813397669932,9.488120336006642e-05,0.49811122770774,0.476837158203125,0.021274069504615023,0.011154253348187,0.01135457262312671,-0.00020031927493971077,0.021154253348187,0.021354572623126712,-0.00020031927493971077
0.78125,0.84375,True,-0.019257185266871,-0.01911208187266311,-0.00014510339420788915,0.01347994489487,0.013463206869346322,1.673802552367744e-05,0.57743233575883,0.556182861328125,0.021249474430705018,0.010480334027422,0.010828280785913504,-0.000347946758491504,0.020480334027422,0.020828280785913506,-0.000347946758491504
0.78125,0.90625,False,-0.015515487915539,-0.015281253809007467,-0.00023423410653153343,0.0058953279006881,0.005564689035963966,0.0003306388647241346,0.66330265741084,0.641632080078125,0.021670577332715046,0.0086151383411593,0.009211889932024006,-0.0005967515908647057,0.018615138341159,0.019211889932024006,-0.0005967515908650058
0.78125,0.96875,False,-0.0069419832899401,-0.006524184072986827,-0.000417799216953273,0.0020445098515417,0.0007049909072520677,0.0013395189442896322,0.75481995113337,0.733184814453125,0.02163513668024497,0.0086631282263212,0.008162406896586547,0.0005007213297346536,0.018663128226321,0.018162406896586547,0.0005007213297344541
0.84375,0.03125,False,0.034792073501717,0.034625741454874515,0.00016633204684248643,0.0050376919557763,0.005653766729665222,-0.000616074773888922,0.025237758657879,0.000823974609375,0.024413784048504,0.02439724812227,0.025035160624088677,-0.0006379125018186778,0.03439724812227,0.03503516062408868,-0.0006379125018186813
0.84375,0.09375,False,0.033729566378799,0.03354740306349413,0.00018216331530487156,0.016174399718665,0.016697058072168147,-0.0005226583535031457,0.031420136378762,0.007415771484375,0.024004364894387002,0.024065432922322,0.024377944759060122,-0.0003125118367381212,0.034065432922322,0.03437794475906012,-0.0003125118367381177
0.84375,0.15625,True,0.031639217289996,0.03142891632705869,0.00021030096293730982,0.026604921918481,0.0269579956693633,-0.00035307375088229967,0.043912070061761,0.020599365234375,0.023312704827385997,0.022874145982152,0.023098424514804736,-0.00022427853265273578,0.032874145982152,0.033098424514804735,-0.00022427853265273578
0.84375,0.21875,True,0.028581426046648,0.028346661338218837,0.00023476470842916444,0.035663104647291,0.03594958570829476,-0.0002864810610037627,0.06319170591675,0.040374755859375,0.022816950057374996,0.021075400554549,0.021268933811263126,-0.00019353325671412486,0.031075400554549,0.031268933811263125,-0.00019353325671412486
0.84375,0.28125,True,0.024669583581506,0.02441520823595056,0.00025437534555544303,0.042957239054185,0.04323669740188052,-0.00027945834769552147,0.089232503181742,0.066741943359375,0.022490559822367,0.018844870514736,0.019005315143646322,-0.0001604446289103223,0.028844870514736,0.02900531514364632,-0.0001604446289103223
0.84375,0.34375,True,0.020051072182111,0.019787317205555155,0.0002637549765558446,0.048165882669493,0.048456808199262014,-0.0002909255297690108,0.12195903142942,0.099700927734375,0.022258103695044995,0.01636118912513,0.016479019010875236,-0.00011782988574523742,0.02636118912513,0.026479019010875238,-0.00011782988574523742
0.84375,0.40625,True,0.014901719305191,0.014653938478659256,0.0002477808265317436,0.051042829545197,0.05134074899615371,-0.00029791945095671013,0.16133381107141,0.139251708984375,0.02208210208703501,0.013870739574593,0.01393842623419008,-6.768665959708091e-05,0.023870739574593,0.023938426234190083,-6.768665959708264e-05
0.84375,0.46875,True,0.0094382764044581,0.009244212333214818,0.0001940640712432811,0.051451169076442,0.05173344934519264,-0.0002822802687506426,0.20733495434454,0.185394287109375,0.021940667235164996,0.011708163638342,0.011734093274711992,-2.5929636369992348e-05,0.021708163638342,0.021734093274711992,-2.5929636369992348e-05
0.84375,0.53125,True,0.003947515029156,0.003825469093499123,0.00012204593565687694,0.049393988799854,0.04961468266628799,-0.00022069386643398803,0.25995159611103,0.238128662109375,0.021822934001655026,0.010265412063337,0.010290804566651041,-2.5392503314040568e-05,0.020265412063337,0.02029080456665104,-2.5392503314042303e-05
0.84375,0.59375,True,-0.0012214178603124,-0.001296770869885222,7.535300957282214e-05,0.045020138812154,0.04511981145697064,-9.967264481663962e-05,0.31917854616365,0.297454833984375,0.02172371217927499,0.0098002761871115,0.00987972289821034,-7.944671109883991e-05,0.019800276187111,0.019879722898210342,-7.944671109934298e-05
0.84375,0.65625,True,-0.0057172445813516,-0.005778797140010283,6.155255865868299e-05,0.038601168315243,0.03856053250274272,4.0635812500279533e-05,0.3849927957947,0.363372802734375,0.021619993060325027,0.010135860591167,0.010281884797155026,-0.00014602420598802505,0.020135860591167,0.020281884797155026,-0.0001460242059880268
0.84375,0.71875,True,-0.0091816593612948,-0.009238709253622801,5.704989232800141e-05,0.030573785267769,0.030445622087427182,0.00012816318034181845,0.45735711780489,0.435882568359375,0.021474549445515023,0.010708070297611,0.01087460583585352,-0.00016653553824252064,0.020708070297611,0.020874605835853523,-0.00016653553824252237
0.84375,0.78125,True,-0.011233529257701,-0.01125641670114419,2.2887443443189368e-05,0.021602468933687,0.021501681203517364,0.00010078773016963458,0.53627981443119,0.514984130859375,0.021295683571814994,0.010843973301634,0.01100545234593337,-0.00016147904429936882,0.020843973301634,0.02100545234593337,-0.00016147904429936882
0.84375,0.84375,True,-0.011447825617978,-0.011373638926670537,-7.418669130746305e-05,0.012711553416159,0.012693880762526533,1.7672653632467422e-05,0.62196895576769,0.600677490234375,0.021291465533314957,0.0098375261370762,0.010159326840379268,-0.0003218007033030674,0.019837526137076,0.020159326840379268,-0.0003218007033032669
0.84375,0.90625,False,-0.0092393179805031,-0.009093905327972607,-0.00014541265253049246,0.0056191537140923,0.005246706805337453,0.0003724469087548468,0.71476600280545,0.692962646484375,0.021803356321074996,0.0073403318518718,0.008046102330893428,-0.0007057704790216284,0.017340331851872,0.01804610233089343,-0.0007057704790214281
0.84375,0.96875,False,-0.0040284894139073,-0.0038825552564958343,-0.00014593415741146528,0.0023432390449197,0.0006647057125519495,0.0016785333323677504,0.81366364461245,0.791839599609375,0.021824045003075,0.0062457768608494,0.005426185845114621,0.0008195910157347795,0.016245776860849,0.015426185845114621,0.0008195910157343788
0.90625,0.03125,False,0.013991321793711,0.014380369661012082,-0.00038904786730108165,0.0035592792975965,0.004306000115320785,-0.0007467208177242852,0.025010599906088,0.000885009765625,0.024125590140463,0.018622232056658,0.019104699116065643,-0.0004824670594076423,0.028622232056658,0.02910469911606564,-0.0004824670594076423
0.90625,0.09375,False,0.013592913099282,0.013932526408098056,-0.0003396133088160568,0.012156447019151,0.012716749279206851,-0.0005603022600558522,0.031733512957606,0.007965087890625,0.023768425066981,0.018750014371499,0.01890004278501041,-0.0001500284135114091,0.028750014371499,0.02890004278501041,-0.00015002841351141258
0.90625,0.15625,False,0.012763157083963,0.013052700558546348,-0.00028954347458334806,0.020210241488584,0.020531645186565584,-0.0003214036979815836,0.045166673302042,0.022125244140625,0.023041429161417,0.018326447599947,0.018494678402150636,-0.00016823080220363523,0.028326447599947,0.028494678402150635,-0.00016823080220363523
0.90625,0.21875,False,0.011560946285789,0.01177261342490965,-0.00021166713912065122,0.027156298834428,0.027379785478842678,-0.0002234866444146763,0.065889932990532,0.043365478515625,0.022524454474907002,0.017682736033054,0.01789805262074256,-0.00021531658768855766,0.027682736033054,0.02789805262074256,-0.00021531658768856113
0.90625,0.28125,False,0.010024920824607,0.010139846976016997,-0.00011492615140999696,0.032772847227714,0.03292976751617971,-0.00015692028846570755,0.093899429777182,0.071685791015625,0.022213638761557006,0.016903635520033,0.01712793871861308,-0.00022430319858008155,0.026903635520033,0.027127938718613083,-0.00022430319858008155
0.90625,0.34375,False,0.0081891008175096,0.00821784383697377,-2.874301946417107e-05,0.036847258523402,0.03690548826489248,-5.822974149048005e-05,0.1291137074021,0.107086181640625,0.022027525761474986,0.015993622039913,0.016213910600362293,-0.00022028856044929365,0.025993622039913,0.026213910600362295,-0.00022028856044929365
0.90625,0.40625,False,0.0061055490507372,0.006085907289161696,1.964176157550398e-05,0.03916774177418,0.03910194418494939,6.579758923060813e-05,0.1714856808572,0.149566650390625,0.021919030466575007,0.014978185414082,0.015200225201602554,-0.00022203978752055424,0.024978185414082,0.025200225201602554,-0.0002220397875205525
0.90625,0.46875,False,0.0038624558497743,0.0038392012702388456,2.3254579535454244e-05,0.039575728896186,0.03940103111744975,0.00017469777873625053,0.22098353607438,0.199127197265625,0.02185633880875501,0.013917455581228,0.014145795960235739,-0.00022834037900773888,0.023917455581228,0.02414579596023574,-0.00022834037900773888
0.90625,0.53125,False,0.0015945716211114,0.0015887503741396358,5.821246971764258e-06,0.038021962653719,0.037787344172102166,0.00023461848161683563,0.27758228001834,0.255767822265625,0.02181445775271501,0.012894506535123,0.013117338953176072,-0.00022283241805307226,0.022894506535123,0.023117338953176074,-0.000222832418053074
0.90625,0.59375,False,-0.0005344182471781,-0.0005385601489251712,4.14190174707126e-06,0.034609655334975,0.03436397761470289,0.0002456777202721125,0.34126190710091,0.319488525390625,0.021773381710284978,0.011975715459411,0.012170721313141394,-0.0001950058537303935,0.021975715459411,0.022170721313141392,-0.0001950058537303935
0.90625,0.65625,False,-0.002366199757258,-0.0023999843924684683,3.378463521046824e-05,0.029597126247358,0.02936832475461415,0.0002288014927438499,0.41199278163446,0.390289306640625,0.021703474993835015,0.011158146470198,0.01131846185967662,-0.00016031538947862065,0.021158146470198,0.02131846185967662,-0.00016031538947861718
0.90625,0.71875,False,-0.0037525076091393,-0.003836915793726803,8.440818458750263e-05,0.023377332590719,0.02318787783224252,0.00018945475847647816,0.48973915796171,0.468170166015625,0.021568991946085025,0.010365475052987,0.010491601776667468,-0.0001261267236804687,0.020365475052987,0.020491601776667468,-0.00012612672368046696
0.90625,0.78125,False,-0.0045545710535855,-0.004674887133660377,0.00012031608007487694,0.016471600425626,0.016376027906517265,9.55725191087338e-05,0.57451845848932,0.553131103515625,0.02138735497369504,0.0094112444293075,0.00951544634218115,-0.00010420191287364988,0.019411244429307,0.01951544634218115,-0.00010420191287414948
0.90625,0.84375,False,-0.004622684861179,-0.004723570536953048,0.00010088567577404804,0.0096714203521174,0.009667864742368693,3.5556097487069588e-06,0.66656145746703,0.645172119140625,0.021389338326404994,0.0078241119788246,0.008115599187008871,-0.0002914872081842719,0.017824111978825,0.01811559918700887,-0.00029148720818386945
0.90625,0.90625,False,-0.0037237647954136,-0.003776777472012327,5.301267659872698e-05,0.0044802509027521,0.003995976698206505,0.00048427420454559555,0.7662359201297,0.744293212890625,0.021942707239074988,0.0051227402040313,0.005965365561542786,-0.0008426253575114853,0.015122740204031,0.015965365561542787,-0.0008426253575117872
0.90625,0.96875,False,-0.0015474046485278,-0.001612458750969381,6.505410244158098e-05,0.0026246124533261,0.0005062506133981515,0.0021183618399279484,0.87243286506544,0.850494384765625,0.021938480299815044,0.0040814185010864,0.0030029205169034706,0.001078497984182929,0.014081418501086,0.01300292051690347,0.0010784979841825283
0.96875,0.03125,False,0.0004170926173054,0.0018258072723256191,-0.0014087146550202192,0.0006734081946979,0.0017703714001982007,-0.0010969632055003006,0.024560299162753,0.000946044921875,0.023614254240878,0.0076337016462771,0.008100925700444208,-0.0004672240541671079,0.017633701646277,0.018100925700444206,-0.00046722405416720764
0.96875,0.09375,False,0.0005785743536996,0.0017689467404125025,-0.0011903723867129025,0.0046115884731334,0.005228371719567804,-0.0006167832464344034,0.031900640098032,0.008514404296875,0.023386235801157,0.0094213953644399,0.009728557401012689,-0.00030716203657278965,0.01942139536444,0.01972855740101269,-0.00030716203657268903
0.96875,0.15625,False,0.0007435746360833,0.0016572394288232317,-0.0009136647927399318,0.0084340286683271,0.008441392583335983,-7.363915008882713e-06,0.046360216466514,0.023651123046875,0.022709093419638997,0.011821158095585,0.012129932770585869,-0.00030877467500086894,0.021821158095585,0.02212993277058587,-0.0003087746750008724
0.96875,0.21875,False,0.0007535212236583,0.0014947128420317313,-0.0007411916183734312,0.011673161674494,0.011256940979365027,0.0004162206951289736,0.068598535458253,0.046356201171875,0.022242334286377993,0.014218326447556,0.014594050913564319,-0.0003757244660083179,0.024218326447556,0.02459405091356432,-0.00037572446600831963
0.96875,0.28125,False,0.0006492604010672,0.0012874082367488882,-0.0006381478356816882,0.014255656806983,0.013538763832912082,0.0007168929740709179,0.09864239475965,0.076629638671875,0.022012756087775004,0.016261903029322,0.016713903856654423,-0.00045200082733242233,0.026261903029322,0.026713903856654425,-0.0004520008273324258
0.96875,0.34375,False,0.0004954817458723,0.0010433806219225517,-0.0005478988760502517,0.01610309672174,0.015173343981587095,0.0009297527401529032,0.13638840053444,0.114471435546875,0.021916964987565013,0.01773696107313,0.018249508275022617,-0.0005125472018926158,0.02773696107313,0.028249508275022615,-0.0005125472018926158
0.96875,0.40625,False,0.000335799047006,0.0007726987587375334,-0.00043689971173153333,0.01713599318816,0.016076396150310757,0.0010595970378492435,0.18175483751959,0.159881591796875,0.021873245722715012,0.018509064857813,0.01905392010823719,-0.0005448552504241887,0.028509064857813,0.029053920108237187,-0.0005448552504241887
0.96875,0.46875,False,0.0001906733477607,0.00048744516061560716,-0.00029677181285490717,0.017304921138397,0.016199362926272443,0.001105558212124557,0.23469724495957,0.212860107421875,0.021837137537695006,0.018500297368749,0.019047617243375753,-0.0005473198746267539,0.028500297368749,0.029047617243375755,-0.0005473198746267539
0.96875,0.53125,False,6.4007756342965e-05,0.00020171609321550932,-0.00013770833687254432,0.016608009183774,0.015535910733888159,0.0010720984498858409,0.29520553557644,0.273406982421875,0.021798553154565026,0.017692158197065,0.018212292830977427,-0.000520134633912428,0.027692158197065,0.028212292830977426,-0.0005201346339124245
0.96875,0.59375,False,-4.8869387885296e-05,-6.837842556706164e-05,1.950903768176564e-05,0.015100426103077,0.014128425809758483,0.0009720002933185177,0.36328488844494,0.341522216796875,0.021762671648065002,0.016132870436667,0.016592116748332213,-0.00045924631166521096,0.026132870436667,0.026592116748332215,-0.00045924631166521443
0.96875,0.65625,False,-0.0001529356022308,-0.00030471462559944484,0.00015177902336864485,0.01289380624452,0.012074510177626507,0.0008192960668934931,0.43892412015101,0.417205810546875,0.02171830960413501,0.013934274041106,0.014297850851543142,-0.0003635768104371419,0.023934274041106,0.024297850851543144,-0.00036357681043714535
0.96875,0.71875,False,-0.0002415900156425,-0.0004871549845120171,0.00024556496886951715,0.010148835916421,0.009533477623335784,0.0006153582930852157,0.52208697390356,0.500457763671875,0.02162921023168496,0.011267156031036,0.01151150035473953,-0.00024434432370352976,0.021267156031036,0.021511500354739532,-0.00024434432370353323
0.96875,0.78125,False,-0.0002951705714071,-0.0005935482276981929,0.00029837765629109293,0.0070713331650706,0.006732849669788266,0.0003384834952823348,0.61276124840612,0.591278076171875,0.021483172234245007,0.0083558984466903,0.008488690678356154,-0.00013279223166585453,0.01835589844669,0.018488690678356155,-0.00013279223166615464
0.96875,0.84375,False,-0.0003124389268976,-0.0005997293283144245,0.00028729040141682447,0.0040355481872603,0.003974851551902248,6.069663535805247e-05,0.71112868949423,0.689666748046875,0.021461941447355026,0.0054137516954119,0.0055500367510200035,-0.00013628505560810394,0.015413751695412,0.015550036751020003,-0.00013628505560800246
0.96875,0.90625,False,-0.0003157237111387,-0.00047951950728020165,0.00016379579614150163,0.0021127224405351,0.0016429081915703136,0.00046981424896478654,0.81756028770468,0.795623779296875,0.021936508407805033,0.0028495299521125,0.0030247806920454907,-0.0001752507399329908,0.012849529952113,0.01302478069204549,-0.00017525073993249034
0.96875,0.96875,False,-0.0001719376023127,-0.00020472623327805195,3.2788630965351946e-05,0.0023909901515274,0.00020814017261727713,0.002182849978910123,0.93093476917667,0.909149169921875,0.021785599254794952,0.0026793624782692,0.001023122361064821,0.001656240117204379,0.012679362478269,0.011023122361064822,0.0016562401172041784
