id,mu_eff_out,mu_t_out,p,ur,uz,x,y,z
0,0.010308335556372,0.00030833555637245,0.023167399044749,9.3345015140622e-05,-0.00017004055765437,0.03125,0.03125,0
16,0.010572319069165,0.0005723190691653,0.023180700171559,-7.4326143358436e-05,-2.8359304433665e-05,0.03125,0.09375,0
32,0.011224898765307,0.0012248987653066,0.023495223174713,-0.00061210358600298,5.4936981322653e-05,0.03125,0.15625,0
48,0.011896565435975,0.0018965654359749,0.024071197546367,-0.001313882252545,0.00010404440146421,0.03125,0.21875,0
64,0.012544026415678,0.0025440264156778,0.024894840432702,-0.002039708747596,0.00012203327708466,0.03125,0.28125,0
80,0.013102867692814,0.0031028676928139,0.025965453710269,-0.0026841188909974,0.00011490719588738,0.03125,0.34375,0
96,0.013513157185013,0.0035131571850125,0.027286946724695,-0.0031694368256595,9.1578273551876e-05,0.03125,0.40625,0
112,0.013731391626361,0.0037313916263611,0.028863693210684,-0.0034447293723539,6.0618045819861e-05,0.03125,0.46875,0
128,0.013735087703781,0.0037350877037808,0.030698469695596,-0.0034854774571878,2.8449967991646e-05,0.03125,0.53125,0
144,0.013524755371597,0.0035247553715966,0.032792621727204,-0.0032934411670687,-6.0162756988706e-07,0.03125,0.59375,0
160,0.013123273558314,0.0031232735583145,0.035148120105734,-0.0028956588885309,-2.3376248271188e-05,0.03125,0.65625,0
176,0.012575750142538,0.0025757501425376,0.037768561071,-0.0023433661276309,-3.600961732052e-05,0.03125,0.71875,0
192,0.011951901145071,0.0019519011450713,0.040660772416919,-0.0017082699782558,-3.5664910145844e-05,0.03125,0.78125,0
208,0.011339224936123,0.0013392249361225,0.043839401726484,-0.0010623221350511,-3.2170681746672e-05,0.03125,0.84375,0
224,0.010796166562659,0.00079616656265903,0.04731555889443,-0.0004447958431088,-5.1942011036269e-05,0.03125,0.90625,0
240,0.010312981524134,0.00031298152413388,0.051022565024945,5.7112047280881e-05,-4.8071310884063e-05,0.03125,0.96875,0
1,0.010800085760432,0.00080008576043193,0.023198031332693,-7.7865165598203e-06,-0.0002098205646922,0.09375,0.03125,0
17,0.011554146473563,0.001554146473563,0.023673282573036,-0.00049944734153974,0.00094203033894501,0.09375,0.09375,0
33,0.012410469907972,0.0024104699079717,0.024952355445935,-0.0017237983439929,0.0016841969653589,0.09375,0.15625,0
49,0.012951673242878,0.0029516732428775,0.026994792497037,-0.0032800639633917,0.0020605345016865,0.09375,0.21875,0
65,0.013216804624079,0.0032168046240794,0.029781482773359,-0.0048715144594958,0.0021363977446126,0.09375,0.28125,0
81,0.013273093253406,0.0032730932534055,0.033307752603444,-0.0062788666093796,0.0019731474273451,0.09375,0.34375,0
97,0.013184686887049,0.0031846868870491,0.037574012496858,-0.0073398945741307,0.0016284554841815,0.09375,0.40625,0
113,0.013012485389919,0.0030124853899188,0.042581873375904,-0.0079430575473466,0.0011592475736357,0.09375,0.46875,0
129,0.012812117612475,0.0028121176124747,0.048333290411689,-0.0080286306774777,0.00062557140557532,0.09375,0.53125,0
145,0.012624945726469,0.002624945726469,0.054830440855203,-0.0075925144442692,9.0792062678066e-05,0.09375,0.59375,0
161,0.012463406904866,0.0024634069048664,0.062075623728677,-0.0066864095540743,-0.00038512366517621,0.09375,0.65625,0
177,0.012308763539831,0.0023087635398305,0.070069804564935,-0.0054156465544632,-0.00075027409874773,0.09375,0.71875,0
193,0.012130376761905,0.0021303767619045,0.078816606724391,-0.0039314621961466,-0.00096697547588561,0.09375,0.78125,0
209,0.011904577112432,0.0019045771124323,0.08834085605067,-0.0023927010410023,-0.0010218727066155,0.09375,0.84375,0
225,0.011549375064197,0.0015493750641971,0.098682627656049,-0.00090762611653638,-0.00090309627073239,0.09375,0.90625,0
241,0.010771593484957,0.00077159348495662,0.10971189791479,0.00027670909970729,-0.00044949116469079,0.09375,0.96875,0
2,0.011737714444025,0.0017377144440247,0.023302724714007,-0.00015810188070027,5.7782583851462e-05,0.15625,0.03125,0
18,0.012380695198513,0.0023806951985127,0.024221746022866,-0.00086814706274121,0.0026255995996354,0.15625,0.09375,0
34,0.013220207629925,0.0032202076299255,0.026448937996076,-0.0024637579221073,0.0043021356933807,0.15625,0.15625,0
50,0.013712517720199,0.0037125177201985,0.029944390661122,-0.0044752315456872,0.0051340612802208,0.15625,0.21875,0
66,0.013822434288982,0.0038224342889821,0.034682988643906,-0.0065215410457445,0.0052608663514191,0.15625,0.28125,0
82,0.013623842464585,0.0036238424645853,0.040656077947265,-0.0083181137911178,0.0048261208730692,0.15625,0.34375,0
98,0.013220976505362,0.0032209765053623,0.047861639759367,-0.009658253291757,0.0039689147197823,0.15625,0.40625,0
114,0.012740500501421,0.0027405005014214,0.056299368207926,-0.010406319314315,0.0028258708124247,0.15625,0.46875,0
130,0.012332295232829,0.0023322952328295,0.065969113027622,-0.010495378661114,0.0015347247910951,0.15625,0.53125,0
146,0.012139979125908,0.0021399791259081,0.076870461570074,-0.0099232963122001,0.00023470466664666,0.15625,0.59375,0
162,0.012193095772925,0.0021930957729253,0.089003309427745,-0.0087456671047213,-0.00094209954003484,0.15625,0.65625,0
178,0.012354875309772,0.0023548753097721,0.10236619849844,-0.0070828935318874,-0.0018731389703025,0.15625,0.71875,0
194,0.012452020667768,0.0024520206677677,0.1169625644774,-0.0051265162222886,-0.0024501971266151,0.15625,0.78125,0
210,0.012389630974089,0.0023896309740886,0.13283205897471,-0.0030898743455315,-0.0025893901346064,0.15625,0.84375,0
226,0.012087394560385,0.0020873945603846,0.15004814247412,-0.0011140034519048,-0.002204079999694,0.15625,0.90625,0
242,0.01132367829816,0.0013236782981599,0.16841344389873,0.00047203186166121,-0.0010419208511805,0.15625,0.96875,0
3,0.012748432001957,0.0027484320019573,0.023462946431642,-0.00030086501218507,0.00056646807981453,0.21875,0.03125,0
19,0.013036424881699,0.0030364248816994,0.024828782319139,-0.0010968530885734,0.0046782498792072,0.21875,0.09375,0
35,0.01360069320492,0.0036006932049201,0.027996505621506,-0.0027698746094219,0.0073669863929159,0.21875,0.15625,0
51,0.013957932263898,0.0039579322638984,0.03293675582985,-0.0048810951235546,0.0086920537770812,0.21875,0.21875,0
67,0.013967076765046,0.0039670767650457,0.039618624416391,-0.0070297901458162,0.008858713226721,0.21875,0.28125,0
83,0.013661925991433,0.003661925991433,0.048029371411381,-0.008913400587924,0.0080995211275093,0.21875,0.34375,0
99,0.013138103067912,0.0031381030679124,0.058165264499739,-0.010313079887368,0.0066460899209006,0.21875,0.40625,0
115,0.01253108739806,0.0025310873980603,0.070025108420112,-0.011086266913539,0.0047275675827443,0.21875,0.46875,0
131,0.012026156538056,0.0020261565380565,0.083607322219234,-0.011164902556277,0.0025710689142086,0.21875,0.53125,0
147,0.011839888335471,0.0018398883354707,0.098908278066827,-0.01054967374776,0.00039670691584844,0.21875,0.59375,0
163,0.012016717524469,0.0020167175244693,0.11592428460545,-0.0092934066787969,-0.0015893962925447,0.21875,0.65625,0
179,0.012322091957933,0.0023220919579328,0.13465193784344,-0.0075193979120134,-0.00317965885755,0.21875,0.71875,0
195,0.012524852159421,0.0025248521594214,0.15509608850292,-0.0054372220898488,-0.0041739827158327,0.21875,0.78125,0
211,0.012552424928738,0.0025524249287376,0.17731264165684,-0.003270298711281,-0.004398772302093,0.21875,0.84375,0
227,0.012392676767493,0.0023926767674932,0.20140684094429,-0.0011266943268039,-0.0036855405989053,0.21875,0.90625,0
243,0.011954857662956,0.0019548576629564,0.2271076327095,0.00064649215083097,-0.0017115110376001,0.21875,0.96875,0
4,0.013690181241911,0.0036901812419107,0.023648482491119,-0.00042759914967521,0.0011837854543363,0.28125,0.03125,0
20,0.013521113624116,0.0035211136241161,0.025478677141849,-0.0011852278410979,0.0067729424836482,0.28125,0.09375,0
36,0.013621793888331,0.0036217938883314,0.029584513468726,-0.0026859253503528,0.010402349178575,0.28125,0.15625,0
52,0.013737265243128,0.0037372652431278,0.035965720361721,-0.0045967418319588,0.012190444366586,0.28125,0.21875,0
68,0.013646718467174,0.0036467184671741,0.044586461256231,-0.0065518769703808,0.012388031808422,0.28125,0.28125,0
84,0.013315373620769,0.0033153736207687,0.055429261530187,-0.0082694532434034,0.011306743900326,0.28125,0.34375,0
100,0.012800601240935,0.002800601240935,0.068488661929908,-0.0095463996812554,0.0092669555318061,0.28125,0.40625,0
116,0.012214726861449,0.0022147268614487,0.083762658580933,-0.010249812929047,0.0065878915638367,0.28125,0.46875,0
132,0.011731263593129,0.0017312635931289,0.10124901464625,-0.010314639347455,0.0035828036580306,0.28125,0.53125,0
148,0.011572333809533,0.0015723338095328,0.12094273062945,-0.0097395212978087,0.00054914932683332,0.28125,0.59375,0
164,0.011774747250589,0.0017747472505888,0.14283769575355,-0.0085725940094624,-0.0022327548839326,0.28125,0.65625,0
180,0.012085503243369,0.0020855032433691,0.16692856545885,-0.0069329037408636,-0.004470055132446,0.28125,0.71875,0
196,0.012302061030663,0.0023020610306626,0.19322083874313,-0.0050215383531837,-0.0058707265739256,0.28125,0.78125,0
212,0.012424685006543,0.0024246850065435,0.2217852287423,-0.0030287037975039,-0.0061716009835718,0.28125,0.84375,0
228,0.012529182644858,0.0025291826448582,0.25275481918703,-0.00097423942394351,-0.0051312337522652,0.28125,0.90625,0
244,0.01258987458921,0.0025898745892097,0.28578234734904,0.00081692183654204,-0.0023658330692815,0.28125,0.96875,0
5,0.014479651413309,0.0044796514133092,0.023834451152339,-0.00054206505290496,0.001774649167557,0.34375,0.03125,0
21,0.013850972127769,0.0038509721277693,0.026155534727974,-0.0011515659745929,0.008621047012397,0.34375,0.09375,0
37,0.013399968415622,0.0033999684156219,0.031197145435588,-0.0022858509023482,0.013016709238617,0.34375,0.15625,0
53,0.013167191732195,0.0031671917321953,0.039016012891144,-0.0037633321464693,0.015185777967136,0.34375,0.21875,0
69,0.012944908882044,0.002944908882044,0.049573479891015,-0.0052942537860207,0.015409090556397,0.34375,0.28125,0
85,0.012627871885443,0.0026278718854426,0.062845695870792,-0.0066471097892139,0.014053969305829,0.34375,0.34375,0
101,0.012210355922268,0.0022103559222679,0.078825118488669,-0.0076563696570334,0.011513510463686,0.34375,0.40625,0
117,0.011756373160323,0.0017563731603231,0.097508608063427,-0.0082129840596209,0.0081831449625328,0.34375,0.46875,0
133,0.011391702796944,0.0013917027969435,0.11889338044305,-0.0082611584792224,0.0044486506475077,0.34375,0.53125,0
149,0.011278308687738,0.0012783086877384,0.14297476132312,-0.0077955869015163,0.00067449542251432,0.34375,0.59375,0
165,0.011426904118089,0.0014269041180885,0.16974604212096,-0.0068563662878293,-0.0027902772408219,0.34375,0.65625,0
181,0.011647277062078,0.0016472770620782,0.1991997769794,-0.0055474760520076,-0.0055799131378226,0.34375,0.71875,0
197,0.011829300815091,0.0018293008150913,0.2313407191349,-0.0040389796136225,-0.0073250160474115,0.34375,0.78125,0
213,0.012083219810855,0.0020832198108554,0.26625216067514,-0.0024540234249542,-0.0076877487516821,0.34375,0.84375,0
229,0.012549706620782,0.0025497066207819,0.30409149214247,-0.0006817521314287,-0.0063703446595973,0.34375,0.90625,0
245,0.013152630749843,0.0031526307498428,0.34443674116344,0.00099333153024371,-0.0029259869191629,0.34375,0.96875,0
6,0.01505468539386,0.0050546853938602,0.024004604099345,-0.00065175006018989,0.0022303206866518,0.40625,0.03125,0
22,0.014048509641128,0.0040485096411283,0.026845992020971,-0.001023331634808,0.0099870219163238,0.40625,0.09375,0
38,0.013090302712976,0.0030903027129759,0.032819684164093,-0.001653153949458,0.014912199708273,0.40625,0.15625,0
54,0.012430191952317,0.0024301919523174,0.042070818919676,-0.0025379702889198,0.017343232364002,0.40625,0.21875,0
70,0.011994816495839,0.0019948164958392,0.05456374578209,-0.0034858448031933,0.017589983508169,0.40625,0.28125,0
86,0.011686136922101,0.0016861369221008,0.070265420936071,-0.0043350902909593,0.016043978231224,0.40625,0.34375,0
102,0.011424057555753,0.0014240575557529,0.089164737761705,-0.0049725511735656,0.013145118479842,0.40625,0.40625,0
118,0.01119218567319,0.0011921856731897,0.11125668005782,-0.0053241975437533,0.009343606035982,0.40625,0.46875,0
134,0.011026947323662,0.0010269473236619,0.13653790247164,-0.005350729301379,0.0050776928056866,0.40625,0.53125,0
150,0.010972753209953,0.00097275320995257,0.16500494259355,-0.0050450206845932,0.00076258524425515,0.40625,0.59375,0
166,0.011007077848404,0.0010070778484043,0.19665172200536,-0.0044340784476012,-0.0031979764470447,0.40625,0.65625,0
182,0.011059778668623,0.0010597786686225,0.23146867539505,-0.003595010113471,-0.006385591467892,0.40625,0.71875,0
198,0.011182077658842,0.0011820776588424,0.26945882909888,-0.0026518660132937,-0.008377371615334,0.40625,0.78125,0
214,0.011629132400314,0.0016291324003139,0.31071579975386,-0.001636295817652,-0.0087866137760439,0.40625,0.84375,0
230,0.012496757775472,0.0024967577754722,0.35541902471059,-0.00027901582728785,-0.0072715401798162,0.40625,0.90625,0
246,0.013583916773949,0.0035839167739489,0.40307653880657,0.0011799465871398,-0.0033275005560182,0.40625,0.96875,0
87,0.010614952729045,0.00061495272904535,0.077675471308758,-0.0016306846276461,0.017077719286904,0.46875,0.34375,0
103,0.010543710980538,0.00054371098053803,0.099497546575768,-0.0018340433088598,0.013998851159166,0.46875,0.40625,0
119,0.010655034485142,0.00065503448514176,0.125,-0.0019408466423767,0.0099521829168437,0.46875,0.46875,0
135,0.010739957253607,0.00073995725360739,0.15417933173845,-0.0019380441842428,0.0054076105406646,0.46875,0.53125,0
151,0.010742546416876,0.00074254641687579,0.18703317496963,-0.001820982160241,0.00080729400974562,0.46875,0.59375,0
167,0.010635309091887,0.0006353090918866,0.2235565986255,-0.0015979573217503,-0.003413147026839,0.46875,0.65625,0
183,0.010421279954609,0.00042127995460931,0.26373776859566,-0.0013089377961912,-0.0068069696922501,0.46875,0.71875,0
199,0.010477551831085,0.00047755183108518,0.30757733827933,-0.0010219869308902,-0.0089263084952921,0.46875,0.78125,0
215,0.011212271878239,0.0012122718782391,0.35517789411718,-0.00066723661722549,-0.0093663237960271,0.46875,0.84375,0
231,0.012404738856527,0.0024047388565269,0.40674149914865,0.00019450662370867,-0.00774271432633,0.46875,0.90625,0
247,0.013844354371384,0.0038443543713839,0.46170939909778,0.0013781496179209,-0.0035244365909642,0.46875,0.96875,0
7,0.015372942412283,0.0053729424122828,0.024155091578051,-0.00076430725495198,0.0024793242922706,0.46875,0.03125,0
23,0.014136196881091,0.0041361968810905,0.027541161856023,-0.00083652223445659,0.010706397244881,0.46875,0.09375,0
39,0.012872024365438,0.0028720243654378,0.034442691464136,-0.00087805013109427,0.015893132466773,0.46875,0.15625,0
55,0.01184649873954,0.0018464987395403,0.04511672060444,-0.0010866157404731,0.018445952538243,0.46875,0.21875,0
71,0.011073148649048,0.0010731486490476,0.059541930132855,-0.0013647996137101,0.018708280844281,0.46875,0.28125,0
184,0.010446691756748,0.00044669175674789,0.29600682469538,0.0010869669920457,-0.0068124590648486,0.53125,0.71875,0
200,0.010490810884055,0.00049081088405517,0.34569450092414,0.00069011800786593,-0.008934565120209,0.53125,0.78125,0
216,0.011075608390881,0.0010756083908807,0.39963690775763,0.00035525657273213,-0.0093813857207963,0.53125,0.84375,0
232,0.012300103373739,0.0023001033737394,0.45806306917422,0.00068737023828614,-0.0077372450410913,0.53125,0.90625,0
248,0.013916579585308,0.0039165795853078,0.52034201022831,0.0015871134247873,-0.0034936716057185,0.53125,0.96875,0
8,0.015419937690779,0.0054199376907785,0.024294888659771,-0.00088722518866184,0.0024937065606052,0.53125,0.03125,0
24,0.014132317032815,0.0041323170328146,0.028238849349742,-0.00063562672658744,0.010703739533799,0.53125,0.09375,0
40,0.012886698018727,0.0028866980187269,0.03606749874752,-6.0965367365295e-05,0.015880978933665,0.53125,0.15625,0
56,0.011860938208745,0.0018609382087446,0.048158587416983,0.00042112561410209,0.018429926692133,0.53125,0.21875,0
72,0.011084225375201,0.0010842253752006,0.064510972673832,0.00082715969888987,0.018695519716338,0.53125,0.28125,0
88,0.010619586021494,0.00061958602149354,0.085074277596192,0.0011766360259337,0.017071176244123,0.53125,0.34375,0
104,0.010539104838218,0.00053910483821759,0.10982018873823,0.0014445770104213,0.013997719223552,0.53125,0.40625,0
120,0.010650234176038,0.00065023417603812,0.13873616841931,0.001599582132636,0.0099533101848788,0.53125,0.46875,0
136,0.010737235561511,0.00073723556151092,0.17181636061795,0.001633886631234,0.0054079519468167,0.53125,0.53125,0
152,0.010737403788788,0.00073740378878787,0.20905898574333,0.0015539203008136,0.0008049774883,0.53125,0.59375,0
168,0.010627087774482,0.00062708777448194,0.25046066960677,0.0013720907177455,-0.0034182554219449,0.53125,0.65625,0
9,0.015211303497366,0.0052113034973657,0.024436265503738,-0.0010257530501002,0.0022850337122113,0.59375,0.03125,0
25,0.014037315740161,0.0040373157401607,0.028935095093124,-0.00046342068330998,0.0099891397007567,0.59375,0.09375,0
41,0.013124545782912,0.0031245457829125,0.037692384160419,0.00070771345474921,0.014888734041922,0.59375,0.15625,0
57,0.012450223502762,0.0024502235027615,0.051203589626977,0.0018639516160381,0.017309627690715,0.59375,0.21875,0
73,0.011998997322921,0.0019989973229206,0.069484967946884,0.0029362402365972,0.017563399618243,0.59375,0.28125,0
89,0.01168225465258,0.0016822546525799,0.092476964922109,0.003865096388206,0.016030183702675,0.59375,0.34375,0
105,0.011415478452947,0.0014154784529473,0.12014369193405,0.0045631737148081,0.013142315668659,0.59375,0.40625,0
121,0.011183146060445,0.0011831460604448,0.15247028959878,0.0049609347693399,0.0093454782214712,0.59375,0.46875,0
137,0.011019162822323,0.0010191628223233,0.18945035153795,0.0050255240505501,0.0050769465373095,0.59375,0.53125,0
153,0.010957876800767,0.00095787680076652,0.23108206787628,0.0047608859063796,0.0007540757268802,0.59375,0.59375,0
169,0.010987484503599,0.00098748450359934,0.27736177324275,0.0041968345586014,-0.0032148975707631,0.59375,0.65625,0
185,0.011080419702002,0.0010804197020021,0.32827155306626,0.0033695164097318,-0.0064061907034413,0.59375,0.71875,0
201,0.01119158208086,0.0011915820808604,0.3838062747558,0.0023296513003034,-0.0084054802550736,0.59375,0.78125,0
217,0.011324724275284,0.0013247242752843,0.44409260019089,0.0013308554172261,-0.0088277640644593,0.59375,0.84375,0
233,0.012191827810907,0.0021918278109068,0.50938806864196,0.0011483036134611,-0.0072559535954389,0.59375,0.90625,0
249,0.013806694924925,0.0038066949249246,0.57898030397605,0.0018049874876652,-0.0032368319577759,0.59375,0.96875,0
10,0.014800131583937,0.0048001315839373,0.024587060313645,-0.0011854108441966,0.001902223678969,0.65625,0.03125,0
26,0.013835256958826,0.0038352569588262,0.029623341260557,-0.00036663025319284,0.0086539201362591,0.65625,0.09375,0
42,0.01343890892318,0.0034389089231801,0.039313599231829,0.0013251067513326,0.013010836028652,0.65625,0.15625,0
58,0.013174672248054,0.0031746722480538,0.054252570714984,0.0030735472817139,0.015162008213375,0.65625,0.21875,0
74,0.012934819356994,0.0029348193569936,0.074465320804865,0.0047254696498157,0.015388156255565,0.65625,0.28125,0
90,0.012614660386856,0.0026146603868559,0.099883902883438,0.0061532972913888,0.014042929113181,0.65625,0.34375,0
106,0.012196648499495,0.0021966484994946,0.13046916837228,0.0072187947250356,0.011511684154468,0.65625,0.40625,0
122,0.011743308446464,0.0017433084464639,0.16620472985502,0.0078192215968758,0.0081842973827835,0.65625,0.46875,0
138,0.01137840978045,0.0013784097804504,0.20708338377207,0.0079063311671077,0.0044440282475774,0.65625,0.53125,0
154,0.011255526715696,0.0012555267156965,0.25310358331543,0.0074859827359246,0.00065688577745795,0.65625,0.59375,0
170,0.011400482546729,0.0014004825467285,0.30426074709622,0.0065997641201553,-0.0028226104990239,0.65625,0.65625,0
186,0.011659994238672,0.0016599942386719,0.3605336751082,0.0053106459045611,-0.0056222118323879,0.65625,0.71875,0
202,0.011833143438692,0.0018331434386918,0.42191609642274,0.003718028480633,-0.0073787671779925,0.65625,0.78125,0
218,0.011717220307885,0.0017172203078854,0.48855011840531,0.0021474564243836,-0.0077510450189593,0.65625,0.84375,0
234,0.012068139420368,0.002068139420368,0.56072119740887,0.0015306687039602,-0.0063468530591353,0.65625,0.90625,0
250,0.013544652625508,0.0035446526255075,0.63762926588172,0.0020279670037539,-0.0027813974235834,0.65625,0.96875,0
11,0.014287471307601,0.0042874713076005,0.024741357339084,-0.0013677066573598,0.0014308456626511,0.71875,0.03125,0
27,0.013512862924445,0.0035128629244446,0.030290233437607,-0.00038150609872263,0.0068690022945261,0.71875,0.09375,0
43,0.013665838216856,0.0036658382168564,0.040919083407014,0.0017016465516207,0.010441275950161,0.71875,0.15625,0
59,0.013738465841983,0.0037384658419831,0.057292127617752,0.0038891534834436,0.012196906976387,0.71875,0.21875,0
75,0.013630418649798,0.0036304186497984,0.079438682244927,0.0059659273678761,0.012385889362905,0.71875,0.28125,0
91,0.01329724550646,0.00329724550646,0.10728526996876,0.0077569267151609,0.011306134799065,0.71875,0.34375,0
107,0.012782289993968,0.0027822899939685,0.14079037513248,0.0090882484153284,0.0092696993279418,0.71875,0.40625,0
123,0.012195953547714,0.0021959535477141,0.17993645054329,0.0098343957825141,0.0065892338051679,0.71875,0.46875,0
139,0.011710824766098,0.0017108247660979,0.22471568587345,0.0099380019405903,0.003574063425432,0.71875,0.53125,0
155,0.011544577122486,0.0015445771224856,0.27512631733488,0.0094083990395367,0.00052208300013402,0.71875,0.59375,0
171,0.011748818819879,0.0017488188198789,0.33116216466852,0.0082945791314626,-0.0022812834239149,0.71875,0.65625,0
187,0.012099244155516,0.0020992441555161,0.39279924738526,0.0066753789561646,-0.0045365937492832,0.71875,0.71875,0
203,0.012306919097615,0.0023069190976147,0.46003155486404,0.0046846348811056,-0.0059530179956619,0.71875,0.78125,0
219,0.012034904838279,0.0020349048382785,0.53301761188004,0.0027044121050856,-0.0062562633400671,0.71875,0.84375,0
235,0.011903985812411,0.0019039858124106,0.61206895864479,0.0017972342416251,-0.0051046977201641,0.71875,0.90625,0
251,0.013185529702823,0.0031855297028233,0.69629422124131,0.0022491876384887,-0.0021802542737346,0.71875,0.96875,0
12,0.01382540126571,0.0038254012657098,0.024877286000823,-0.0015658890354036,0.00097687225449882,0.78125,0.03125,0
28,0.013073633035409,0.0030736330354091,0.030917756608636,-0.00052819408557088,0.004864999034864,0.78125,0.09375,0
44,0.013670252970763,0.0036702529707625,0.042493266496357,0.0017624385802123,0.0074649982089917,0.78125,0.15625,0
60,0.013970499182892,0.0039704991828918,0.06030728839704,0.0041662789389772,0.0087357778135369,0.78125,0.21875,0
76,0.013956076828515,0.0039560768285145,0.084392185669822,0.006444376778894,0.0088786672282197,0.78125,0.28125,0
92,0.013644310676683,0.003644310676683,0.11467107095351,0.0084051453634974,0.0081111023554658,0.78125,0.34375,0
108,0.013115592848057,0.003115592848057,0.15110049658291,0.0098611258269295,0.0066545285833986,0.78125,0.40625,0
124,0.012503155359855,0.0025031553598551,0.19366212517049,0.010677671723993,0.0047304680052505,0.78125,0.46875,0
140,0.011993992221865,0.0019939922218653,0.24234753401313,0.010793288105077,0.0025611019474425,0.78125,0.53125,0
156,0.011807388004118,0.0018073880041183,0.2971534313387,0.010217602320873,0.00036553509344657,0.78125,0.59375,0
172,0.011998929220925,0.0019989292209249,0.35807099180365,0.0090041996044873,-0.0016469420459098,0.78125,0.65625,0
188,0.01235012909634,0.0023501290963402,0.42507442326158,0.0072386999055887,-0.0032633844561192,0.78125,0.71875,0
204,0.012543174455156,0.0025431744551557,0.49815999108529,0.0050685590251124,-0.0042794145438043,0.78125,0.78125,0
220,0.012156239088456,0.0021562390884564,0.57750333699409,0.0029096347438833,-0.0045007877795625,0.78125,0.84375,0
236,0.011676646724506,0.0016766467245064,0.66343841031476,0.0019215511072968,-0.0036596105364312,0.78125,0.90625,0
252,0.012804670882914,0.0028046708829142,0.75497873988704,0.0024608158647986,-0.0015037370219556,0.78125,0.96875,0
13,0.013573967280268,0.0035739672802682,0.024960093604761,-0.001757786115527,0.0006330829206708,0.84375,0.03125,0
29,0.012555651795473,0.0025556517954725,0.031485709371229,-0.00079863877012961,0.0029083479913749,0.84375,0.09375,0
45,0.01335324343623,0.0033532434362304,0.044021442478734,0.0014603461471351,0.004451365233468,0.84375,0.15625,0
61,0.013754822597628,0.0037548225976279,0.063286878610877,0.0037916277681092,0.0052048185314508,0.84375,0.21875,0
77,0.013822214494048,0.0038222144940483,0.089317578751148,0.0059813287802329,0.0052941660442533,0.84375,0.28125,0
93,0.013604339802714,0.0036043398027138,0.12203555524436,0.0078621259363345,0.0048435793892145,0.84375,0.34375,0
109,0.01318720102947,0.0031872010294704,0.16139628575989,0.0092619007210997,0.0039792206178192,0.84375,0.40625,0
125,0.012694325738138,0.0026943257381382,0.20738083114188,0.010053532081884,0.0028296399759009,0.84375,0.46875,0
141,0.012279812223945,0.0022798122239449,0.25997958062893,0.010175142893941,0.0015275781853635,0.84375,0.53125,0
157,0.012095296155412,0.0020952961554123,0.3191864185234,0.009630957437269,0.00020971293894822,0.84375,0.59375,0
173,0.012179646334913,0.0021796463349133,0.38498966011347,0.0084763617096488,-0.00099244901925298,0.84375,0.65625,0
189,0.012402348606036,0.0024023486060357,0.4573629569926,0.0067962372294298,-0.0019546332863987,0.84375,0.71875,0
205,0.012495990996726,0.0024959909967265,0.53630682190084,0.0047254733705933,-0.0025607036046234,0.84375,0.78125,0
221,0.012000531915896,0.0020005319158961,0.62201318093614,0.0026820683245,-0.0026952510490955,0.84375,0.84375,0
237,0.011364445034695,0.0013644450346949,0.71483023996025,0.0018870368627834,-0.0021731781391891,0.84375,0.90625,0
253,0.012472897219623,0.0024728972196232,0.81367121403893,0.0026624899891507,-0.00082932158789002,0.84375,0.96875,0
14,0.01352444517176,0.0035244451717599,0.024978543473205,-0.0018804057647056,0.00044716053137871,0.90625,0.03125,0
30,0.012009865340494,0.0020098653404945,0.031984097339479,-0.0010973169931266,0.0012720296220819,0.90625,0.09375,0
46,0.012634484690083,0.0026344846900826,0.045499358245393,0.0008286053602872,0.001842768119238,0.90625,0.15625,0
62,0.013012238879191,0.0030122388791911,0.066232880834345,0.0027234894931956,0.0021290617510281,0.90625,0.21875,0
78,0.013201590530224,0.0032015905302237,0.094219855829941,0.0044625433959101,0.0021637888376608,0.90625,0.28125,0
94,0.013224054214451,0.0032240542144513,0.12938492311976,0.0059515114070735,0.0019841471924612,0.90625,0.34375,0
110,0.013117400604197,0.0031174006041969,0.17168397699459,0.0070664738573923,0.0016332791909267,0.90625,0.40625,0
126,0.012935392104297,0.0029353921042973,0.22109689861494,0.007705835797867,0.0011608555234039,0.90625,0.46875,0
142,0.012733813660926,0.0027338136609256,0.27761224833195,0.0078146338374595,0.00062300826376526,0.90625,0.53125,0
158,0.012557221708378,0.0025572217083779,0.34122197179389,0.0073933051642554,8.0249324459847e-05,0.90625,0.59375,0
174,0.012426883844703,0.0024268838447032,0.41191373226413,0.0064913695476304,-0.00041080119018979,0.90625,0.65625,0
190,0.012337482055459,0.002337482055459,0.48966220983765,0.0051782537085738,-0.0008019780607383,0.90625,0.71875,0
206,0.012178009577313,0.0021780095773133,0.57447029006499,0.0035464231420096,-0.0010524623510223,0.90625,0.78125,0
222,0.01154253466575,0.0015425346657501,0.66653481592116,0.0019623951256305,-0.0011178820233931,0.90625,0.84375,0
238,0.010991861488549,0.00099186148854937,0.76620370373615,0.0016518730483475,-0.00088439954144428,0.90625,0.90625,0
254,0.012180573723579,0.0021805737235795,0.87230335699932,0.0028281491347486,-0.00027826258196334,0.90625,0.96875,0
15,0.013180315362637,0.0031803153626373,0.025036604060171,-0.0016290082563486,0.00042424309587802,0.96875,0.03125,0
31,0.011374477266937,0.0013744772669369,0.032441883644577,-0.001000468131987,0.00018420860398319,0.96875,0.09375,0
47,0.011316429469496,0.0013164294694959,0.046942678751661,0.00010933421227801,0.00012159632136298,0.96875,0.15625,0
63,0.011789320984839,0.0017893209848389,0.069164268846678,0.0010582982719061,0.00012137144659054,0.96875,0.21875,0
79,0.012408090899094,0.0024080908990939,0.099118888221883,0.0018765592925933,0.00012279153726902,0.96875,0.28125,0
95,0.012975415946746,0.0029754159467457,0.13673671911547,0.002564825825216,0.00011137501549934,0.96875,0.34375,0
111,0.01339985534895,0.0033998553489498,0.18197655609436,0.0030754265401051,8.8221109765605e-05,0.96875,0.40625,0
127,0.013630229164671,0.0036302291646712,0.23481680764003,0.0033655208220983,5.8920742795463e-05,0.96875,0.46875,0
143,0.013642767672523,0.0036427676725232,0.29524497862303,0.0034142774568133,2.8525838275948e-05,0.96875,0.53125,0
159,0.013439271953283,0.0034392719532832,0.36325384173726,0.0032262467457291,4.984422978727e-07,0.96875,0.59375,0
175,0.013044598993615,0.0030445989936154,0.43883394391775,0.0028275657258918,-2.2837865421962e-05,0.96875,0.65625,0
191,0.012500213027294,0.002500213027294,0.52196371056698,0.0022452143449767,-4.0725193171316e-05,0.96875,0.71875,0
207,0.011847999351903,0.0018479993519032,0.61263925766262,0.0014917373527791,-6.3190006545198e-05,0.96875,0.78125,0
223,0.011096264644117,0.0010962646441167,0.71102523232383,0.00075220530834901,-0.00012847188179809,0.96875,0.84375,0
239,0.011240881850234,0.0012408818502336,0.81745202015486,0.00095939194577893,-0.00019631485689777,0.96875,0.90625,0
255,0.012295123788241,0.0022951237882413,0.93076354129088,0.0024486057571964,-9.3433573980152e-05,0.96875,0.96875,0
