id,lm,mu_eff_out,mu_t_out,ur,uz,x,y,z
0,0.5,1.4628981735983,1.4595648405983,0.26554888960142,0.062113254733316,0.015625,0.515625,0
32,0.5,1.5023753261165,1.4990419931165,0.29871201998324,0.063742454857469,0.015625,0.546875,0
64,0.5,1.5467424657264,1.5434091327264,0.33382592274045,0.065467490283042,0.015625,0.578125,0
96,0.5,1.5932638719448,1.5899305389448,0.37089059787306,0.067288361010036,0.015625,0.609375,0
128,0.5,1.6419186401252,1.6385853071252,0.40990604538108,0.069205067038451,0.015625,0.640625,0
160,0.5,1.6926884492276,1.6893551162276,0.45087226526449,0.071217608368286,0.015625,0.671875,0
192,0.5,1.7455574245679,1.7422240915679,0.49378925752331,0.073325984999542,0.015625,0.703125,0
224,0.5,1.8005119785014,1.7971786455014,0.53865702215753,0.075530196932219,0.015625,0.734375,0
256,0.5,1.8575406377817,1.8542073047817,0.58547555916714,0.077830244166317,0.015625,0.765625,0
288,0.5,1.9166338646886,1.9133005316886,0.63424486855216,0.080226126701836,0.015625,0.796875,0
320,0.5,1.9777838775126,1.9744505445126,0.68496495031258,0.082717844538775,0.015625,0.828125,0
352,0.5,2.0409844746568,2.0376511416568,0.7376358044484,0.085305397677135,0.015625,0.859375,0
384,0.5,2.1062308654837,2.1028975324837,0.79225743095962,0.087988786116915,0.015625,0.890625,0
416,0.5,2.1735195100931,2.1701861770931,0.84882982984624,0.090768009858117,0.015625,0.921875,0
448,0.5,2.242847969444,2.239514636444,0.90735300110826,0.093643068900739,0.015625,0.953125,0
480,0.5,2.3142147666278,2.3108814336278,0.96782694474569,0.096613963244782,0.015625,0.984375,0
512,0.5,2.3876192596209,2.3842859266209,1.0302516607585,0.099680692890245,0.015625,1.015625,0
544,0.5,2.4630615254881,2.4597281924881,1.0946271491467,0.10284325783713,0.015625,1.046875,0
576,0.5,2.5405422557424,2.5372089227424,1.1609534099104,0.10610165808543,0.015625,1.078125,0
608,0.5,2.620062662384,2.616729329384,1.2292304430494,0.10945589363516,0.015625,1.109375,0
640,0.5,2.7016243940109,2.6982910610109,1.2994582485638,0.11290596448631,0.015625,1.140625,0
672,0.5,2.7852294613251,2.7818961283251,1.3716368264536,0.11645187063887,0.015625,1.171875,0
704,0.5,2.8708801713136,2.8675468383136,1.4457661767189,0.12009361209286,0.015625,1.203125,0
736,0.5,2.9585790693772,2.9552457363772,1.5218462993595,0.12383118884827,0.015625,1.234375,0
768,0.5,3.0483288886878,3.0449955556878,1.5998771943755,0.1276646009051,0.015625,1.265625,0
800,0.5,3.1401325060804,3.1367991730804,1.679858861767,0.13159384826335,0.015625,1.296875,0
832,0.5,3.2339929038216,3.2306595708216,1.7617913015338,0.13561893092302,0.015625,1.328125,0
864,0.5,3.3299131366355,3.3265798036355,1.845674513676,0.13973984888411,0.015625,1.359375,0
896,0.5,3.4278963034133,3.4245629704133,1.9315084981936,0.14395660214663,0.015625,1.390625,0
928,0.5,3.5279455230797,3.5246121900797,2.0192932550867,0.14826919071056,0.015625,1.421875,0
960,0.5,3.6300639141318,3.6267305811318,2.1090287843551,0.15267761457591,0.015625,1.453125,0
992,0.5,3.7311500288426,3.7278166958426,2.2007150859989,0.15718187374269,0.015625,1.484375,0
1,0.5,1.4520591782832,1.4487258452832,0.26299150863077,0.18574157960231,0.046875,0.515625,0
33,0.5,1.4912129665615,1.4878796335615,0.2958352599382,0.19061348988696,0.046875,0.546875,0
65,0.5,1.5352155194948,1.5318821864948,0.33061099661665,0.19577198312953,0.046875,0.578125,0
97,0.5,1.581355930552,1.578022597552,0.36731871866612,0.20121705933002,0.046875,0.609375,0
129,0.5,1.6296139346924,1.6262806016924,0.40595842608662,0.20694871848843,0.046875,0.640625,0
161,0.5,1.6799718284192,1.6766384954192,0.44653011887814,0.21296696060477,0.046875,0.671875,0
193,0.5,1.7324143283546,1.7290809953546,0.48903379704069,0.21927178567902,0.046875,0.703125,0
225,0.5,1.7869284089739,1.7835950759739,0.53346946057427,0.2258631937112,0.046875,0.734375,0
257,0.5,1.8435031280503,1.8401697950503,0.57983710947887,0.23274118470129,0.046875,0.765625,0
289,0.5,1.9021294467216,1.8987961137216,0.62813674375449,0.23990575864931,0.046875,0.796875,0
321,0.5,1.9628000496053,1.9594667166053,0.67836836340114,0.24735691555524,0.046875,0.828125,0
353,0.5,2.0255091690821,2.0221758360821,0.73053196841881,0.2550946554191,0.046875,0.859375,0
385,0.5,2.0902524167531,2.0869190837531,0.78462755880751,0.26311897824088,0.046875,0.890625,0
417,0.5,2.1570266241513,2.1536932911513,0.84065513456724,0.27142988402058,0.046875,0.921875,0
449,0.5,2.2258296940392,2.2224963610392,0.89861469569799,0.28002737275819,0.046875,0.953125,0
481,0.5,2.2966604630222,2.2933271300222,0.95850624219976,0.28891144445373,0.046875,0.984375,0
513,0.5,2.3695185757545,2.3661852427545,1.0203297740726,0.29808209910719,0.046875,1.015625,0
545,0.5,2.4444043706576,2.4410710376576,1.0840852913164,0.30753933671857,0.046875,1.046875,0
577,0.5,2.5213187768238,2.5179854438238,1.1497727939312,0.31728315728788,0.046875,1.078125,0
609,0.5,2.6002632215954,2.5969298885954,1.2173922819171,0.3273135608151,0.046875,1.109375,0
641,0.5,2.6812395481934,2.6779062151934,1.286943755274,0.33763054730024,0.046875,1.140625,0
673,0.5,2.7642499426998,2.7609166096998,1.3584272140019,0.3482341167433,0.046875,1.171875,0
705,0.5,2.8492968696633,2.8459635366633,1.4318426581009,0.35912426914429,0.046875,1.203125,0
737,0.5,2.9363830155905,2.9330496825905,1.5071900875708,0.37030100450319,0.046875,1.234375,0
769,0.5,3.0255112395991,3.0221779065991,1.5844695024118,0.38176432282002,0.046875,1.265625,0
801,0.5,3.1166845305356,3.1133511975356,1.6636809026239,0.39351422409476,0.046875,1.296875,0
833,0.5,3.2099059698975,3.2065726368975,1.7448242882069,0.40555070832743,0.046875,1.328125,0
865,0.5,3.3051786999402,3.3018453669402,1.827899659161,0.41787377551802,0.046875,1.359375,0
897,0.5,3.4025058963982,3.3991725633982,1.9129070154861,0.43048342566652,0.046875,1.390625,0
929,0.5,3.5018907452911,3.4985574122911,1.9998463571822,0.44337965877295,0.046875,1.421875,0
961,0.5,3.6033364233374,3.6000030903374,2.0887176842494,0.4565624748373,0.046875,1.453125,0
993,0.5,3.7038102700257,3.7004769370257,2.1795209966875,0.47003187385957,0.046875,1.484375,0
2,0.5,1.4240635227747,1.4207301897747,0.25790137566623,0.30758111152305,0.078125,0.515625,0
34,0.5,1.4624355708355,1.4591022378355,0.29010944461995,0.3156488128089,0.078125,0.546875,0
66,0.5,1.5055757687465,1.5022424357465,0.32421210586507,0.32419108475863,0.078125,0.578125,0
98,0.5,1.5508160367884,1.5474827037884,0.36020935940159,0.33320792737222,0.078125,0.609375,0
130,0.5,1.5981377127306,1.5948043797306,0.3981012052295,0.3426993406497,0.078125,0.640625,0
162,0.5,1.6475246374442,1.6441913044442,0.43788764334881,0.35266532459104,0.078125,0.671875,0
194,0.5,1.6989630033186,1.6956296703186,0.47956867375951,0.36310587919626,0.078125,0.703125,0
226,0.5,1.7524411848569,1.7491078518569,0.52314429646161,0.37402100446535,0.078125,0.734375,0
258,0.5,1.8079495595329,1.8046162265329,0.5686145114551,0.38541070039832,0.078125,0.765625,0
290,0.5,1.865480325386,1.862146992386,0.61597931873999,0.39727496699516,0.078125,0.796875,0
322,0.5,1.9250273203874,1.9216939873874,0.66523871831628,0.40961380425587,0.078125,0.828125,0
354,0.5,1.9865858473468,1.9832525143468,0.71639271018396,0.42242721218045,0.078125,0.859375,0
386,0.5,2.050152507066,2.046819174066,0.76944129434304,0.43571519076891,0.078125,0.890625,0
418,0.5,2.1157250415624,2.1123917085624,0.82438447079351,0.44947774002125,0.078125,0.921875,0
450,0.5,2.183302188477,2.179968855477,0.88122223953538,0.46371485993745,0.078125,0.953125,0
482,0.5,2.2528835472212,2.2495502142212,0.93995460056864,0.47842655051753,0.078125,0.984375,0
514,0.5,2.3244694569898,2.3211361239898,1.0005815538933,0.49361281176149,0.078125,1.015625,0
546,0.5,2.3980608864449,2.3947275534449,1.0631030995094,0.50927364366932,0.078125,1.046875,0
578,0.5,2.4736593346484,2.4703260016484,1.1275192374168,0.52540904624102,0.078125,1.078125,0
610,0.5,2.5512667426588,2.5479334096588,1.1938299676156,0.54201901947659,0.078125,1.109375,0
642,0.5,2.6308854151121,2.6275520821121,1.2620352901059,0.55910356337604,0.078125,1.140625,0
674,0.5,2.7125179510448,2.7091846180448,1.3321352048875,0.57666267793936,0.078125,1.171875,0
706,0.5,2.7961671831996,2.7928338501996,1.4041297119606,0.59469636316656,0.078125,1.203125,0
738,0.5,2.8818361250529,2.8785027920529,1.478018811325,0.61320461905763,0.078125,1.234375,0
770,0.5,2.9695279248258,2.9661945918258,1.5538025029808,0.63218744561257,0.078125,1.265625,0
802,0.5,3.0592458257731,3.0559124927731,1.631480786928,0.65164484283139,0.078125,1.296875,0
834,0.5,3.1509931320849,3.1476597990849,1.7110536631666,0.67157681071407,0.078125,1.328125,0
866,0.5,3.2447731797839,3.2414398467839,1.7925211316967,0.69198334926064,0.078125,1.359375,0
898,0.5,3.3405893120454,3.3372559790454,1.8758831925181,0.71286445847107,0.078125,1.390625,0
930,0.5,3.4384448584222,3.4351115254222,1.9611398456309,0.73422013834539,0.078125,1.421875,0
962,0.5,3.5383431174971,3.5350097844971,2.0482910910351,0.75605038888357,0.078125,1.453125,0
994,0.5,3.6373968839386,3.6340635509386,2.1373369287307,0.77835521008563,0.078125,1.484375,0
3,0.5,1.3824090542428,1.3790757212428,0.25032751147078,0.42645846919889,0.109375,0.515625,0
35,0.5,1.4196170046017,1.4162836716017,0.28158971676006,0.43764426511231,0.109375,0.546875,0
67,0.5,1.4614736551152,1.4581403221152,0.31469087530165,0.44948804902063,0.109375,0.578125,0
99,0.5,1.5053742852074,1.5020409522074,0.34963098709555,0.46198982092385,0.109375,0.609375,0
131,0.5,1.5513026637815,1.5479693307815,0.38641005214176,0.47514958082199,0.109375,0.640625,0
163,0.5,1.5992449754043,1.5959116424043,0.42502807044028,0.48896732871503,0.109375,0.671875,0
195,0.5,1.6491896529822,1.6458563199822,0.46548504199112,0.50344306460297,0.109375,0.703125,0
227,0.5,1.7011271972066,1.6977938642066,0.50778096679426,0.51857678848583,0.109375,0.734375,0
259,0.5,1.7550499901536,1.7517166571536,0.55191584484972,0.53436850036359,0.109375,0.765625,0
291,0.5,1.8109521088627,1.8076187758627,0.59788967615748,0.55081820023625,0.109375,0.796875,0
323,0.5,1.8688291433324,1.8654958103324,0.64570246071755,0.56792588810383,0.109375,0.828125,0
355,0.5,1.92867802218,1.92534468918,0.69535419852994,0.58569156396631,0.109375,0.859375,0
387,0.5,1.9904968482128,1.9871635152128,0.74684488959464,0.6041152278237,0.109375,0.890625,0
419,0.5,2.0542847453436,2.0509514123436,0.80017453391164,0.62319687967599,0.109375,0.921875,0
451,0.5,2.120041717637,2.116708384637,0.85534313148096,0.64293651952319,0.109375,0.953125,0
483,0.5,2.1877685207647,2.1844351877647,0.91235068230259,0.6633341473653,0.109375,0.984375,0
515,0.5,2.257466545774,2.254133212774,0.97119718637653,0.68438976320231,0.109375,1.015625,0
547,0.5,2.3291377147897,2.3258043817897,1.0318826437028,0.70610336703423,0.109375,1.046875,0
579,0.5,2.4027843880815,2.3994510550815,1.0944070542813,0.72847495886106,0.109375,1.078125,0
611,0.5,2.4784092817967,2.4750759487967,1.1587704181122,0.75150453868279,0.109375,1.109375,0
643,0.5,2.5560153955876,2.5526820625876,1.2249727351954,0.77519210649943,0.109375,1.140625,0
675,0.5,2.6356059493238,2.6322726163238,1.2930140055309,0.79953766231098,0.109375,1.171875,0
707,0.5,2.7171843280786,2.7138509950786,1.3628942291187,0.82454120611743,0.109375,1.203125,0
739,0.5,2.8007540345932,2.7974207015932,1.4346134059588,0.85020273791879,0.109375,1.234375,0
771,0.5,2.8863186484547,2.8829853154547,1.5081715360512,0.87652225771506,0.109375,1.265625,0
803,0.5,2.9738817912692,2.9705484582692,1.583568619396,0.90349976550623,0.109375,1.296875,0
835,0.5,3.0634470971556,3.0601137641556,1.660804655993,0.93113526129232,0.109375,1.328125,0
867,0.5,3.1550181879423,3.1516848549423,1.7398796458424,0.9594287450733,0.109375,1.359375,0
899,0.5,3.248598652498,3.245265319498,1.820793588944,0.9883802168492,0.109375,1.390625,0
931,0.5,3.3441920296827,3.3408586966827,1.903546485298,1.01798967662,0.109375,1.421875,0
963,0.5,3.4418017944546,3.4384684614546,1.9881383349043,1.0482571243857,0.109375,1.453125,0
995,0.5,3.5387599490709,3.5354266160709,2.0745691377629,1.0791825601463,0.109375,1.484375,0
4,0.5,1.3274991475707,1.3241658145707,0.24034285649693,0.54122879869043,0.140625,0.515625,0
36,0.5,1.3631706492704,1.3598373162704,0.27035812599517,0.55542496390199,0.140625,0.546875,0
68,0.5,1.4033343820605,1.4000010490605,0.30213899958154,0.57045619765539,0.140625,0.578125,0
100,0.5,1.4454684221771,1.4421350891771,0.33568547725604,0.58632249995066,0.140625,0.609375,0
132,0.5,1.4895598360056,1.4862265030056,0.37099755901868,0.60302387078778,0.140625,0.640625,0
164,0.5,1.5355979893408,1.5322646563408,0.40807524486945,0.62056031016675,0.140625,0.671875,0
196,0.5,1.5835743580351,1.5802410250351,0.44691853480834,0.63893181808759,0.140625,0.703125,0
228,0.5,1.6334823316661,1.6301489986661,0.48752742883537,0.65813839455028,0.140625,0.734375,0
260,0.5,1.6853170166832,1.6819836836832,0.52990192695053,0.67818003955482,0.140625,0.765625,0
292,0.5,1.7390750439922,1.7357417109922,0.57404202915383,0.69905675310122,0.140625,0.796875,0
324,0.5,1.7947543846214,1.7914210516214,0.61994773544525,0.72076853518948,0.140625,0.828125,0
356,0.5,1.8523541760098,1.8490208430098,0.66761904582481,0.74331538581959,0.140625,0.859375,0
388,0.5,1.911874560548,1.908541227548,0.7170559602925,0.76669730499156,0.140625,0.890625,0
420,0.5,1.9733165372712,1.9699832042712,0.76825847884832,0.79091429270538,0.140625,0.921875,0
452,0.5,2.0366818270394,2.0333484940394,0.82122660149227,0.81596634896106,0.140625,0.953125,0
484,0.5,2.1019727511054,2.0986394181054,0.87596032822435,0.8418534737586,0.140625,0.984375,0
516,0.5,2.1691921226594,2.1658587896594,0.93245965904457,0.86857566709799,0.140625,1.015625,0
548,0.5,2.2383431507157,2.2350098177157,0.99072459395291,0.89613292897924,0.140625,1.046875,0
580,0.5,2.3094293555639,2.3060960225639,1.0507551329494,0.92452525940235,0.140625,1.078125,0
612,0.5,2.3824544949216,2.3791211619216,1.112551276034,0.95375265836731,0.140625,1.109375,0
644,0.5,2.4574224998844,2.4540891668844,1.1761130232067,0.98381512587412,0.140625,1.140625,0
676,0.5,2.5343374197674,2.5310040867674,1.2414403744676,1.0147126619228,0.140625,1.171875,0
708,0.5,2.6132033749498,2.6098700419498,1.3085333298166,1.0464452665133,0.140625,1.203125,0
740,0.5,2.6940245168709,2.6906911838709,1.3773918892538,1.0790129396457,0.140625,1.234375,0
772,0.5,2.7768049943794,2.7734716613794,1.448016052779,1.11241568132,0.140625,1.265625,0
804,0.5,2.8615489256889,2.8582155926889,1.5204058203924,1.146653491536,0.140625,1.296875,0
836,0.5,2.9482603752554,2.9449270422554,1.594561192094,1.181726370294,0.140625,1.328125,0
868,0.5,3.0369433349523,3.0336100019523,1.6704821678836,1.2176343175938,0.140625,1.359375,0
900,0.5,3.1276017089791,3.1242683759791,1.7481687477614,1.2543773334355,0.140625,1.390625,0
932,0.5,3.2202393019957,3.2169059689957,1.8276209317274,1.291955417819,0.140625,1.421875,0
964,0.5,3.3148598100305,3.3115264770305,1.9088387197814,1.3303685707444,0.140625,1.453125,0
996,0.5,3.4090896888162,3.4057563558162,1.9918221119236,1.3696167922116,0.140625,1.484375,0
5,0.5,1.2598659886198,1.2565326556198,0.22804356843025,0.65078679898483,0.171875,0.515625,0
37,0.5,1.2936416573446,1.2903083243446,0.25652283868416,0.66785661666312,0.171875,0.546875,0
69,0.5,1.331718586192,1.328385253192,0.28667736012949,0.68593054126366,0.171875,0.578125,0
101,0.5,1.371675552481,1.368342219481,0.31850713276621,0.70500857278646,0.171875,0.609375,0
133,0.5,1.4135038481621,1.4101705151621,0.35201215659435,0.7250907112315,0.171875,0.640625,0
165,0.5,1.4571969195839,1.4538635865839,0.38719243161389,0.7461769565988,0.171875,0.671875,0
197,0.5,1.5027501486839,1.4994168156839,0.42404795782484,0.76826730888836,0.171875,0.703125,0
229,0.5,1.5501606352463,1.5468273022463,0.4625787352272,0.79136176810016,0.171875,0.734375,0
261,0.5,1.5994269855486,1.5960936525486,0.50278476382096,0.81546033423422,0.171875,0.765625,0
293,0.5,1.6505491112738,1.6472157782738,0.54466604360613,0.84056300729053,0.171875,0.796875,0
325,0.5,1.7035280413407,1.7001947083407,0.58822257458271,0.86666978726909,0.171875,0.828125,0
357,0.5,1.7583657482974,1.7550324152974,0.63345435675069,0.89378067416991,0.171875,0.859375,0
389,0.5,1.8150649901203,1.8117316571203,0.68036139011008,0.92189566799297,0.171875,0.890625,0
421,0.5,1.8736291676321,1.8702958346321,0.72894367466088,0.95101476873829,0.171875,0.921875,0
453,0.5,1.934062197285,1.930728864285,0.77920121040308,0.98113797640586,0.171875,0.953125,0
485,0.5,1.9963683987122,1.9930350657122,0.83113399733669,1.0122652909957,0.171875,0.984375,0
517,0.5,2.0605523962175,2.0572190632175,0.88474203546171,1.0443967125078,0.171875,1.015625,0
549,0.5,2.1266190332243,2.1232857002243,0.94002532477813,1.0775322409421,0.171875,1.046875,0
581,0.5,2.1945732986218,2.1912399656218,0.99698386528596,1.1116718762987,0.171875,1.078125,0
613,0.5,2.2644202639179,2.2610869309179,1.0556176569852,1.1468156185775,0.171875,1.109375,0
645,0.5,2.3361650301135,2.3328316971135,1.1159266998758,1.1829634677786,0.171875,1.140625,0
677,0.5,2.4098126832481,2.4064793502481,1.1779109939579,1.2201154239019,0.171875,1.171875,0
709,0.5,2.485368257622,2.482034924622,1.2415705392314,1.2582714869475,0.171875,1.203125,0
741,0.5,2.5628367057626,2.5595033727626,1.3069053356962,1.2974316569154,0.171875,1.234375,0
773,0.5,2.6422228742787,2.6388895412787,1.3739153833525,1.3375959338055,0.171875,1.265625,0
805,0.5,2.7235314848182,2.7201981518182,1.4426006822002,1.3787643176178,0.171875,1.296875,0
837,0.5,2.8067671194236,2.8034337864236,1.5129612322392,1.4209368083524,0.171875,1.328125,0
869,0.5,2.8919342096499,2.8886008766499,1.5849970334697,1.4641134060093,0.171875,1.359375,0
901,0.5,2.9790370288818,2.9757036958818,1.6587080858916,1.5082941105884,0.171875,1.390625,0
933,0.5,3.0680796873504,3.0647463543504,1.7340943895049,1.5534789220897,0.171875,1.421875,0
965,0.5,3.1590661294117,3.1557327964117,1.8111559443097,1.5996678405133,0.171875,1.453125,0
997,0.5,3.2499949843307,3.2466616513307,1.8898927503058,1.6468608658592,0.171875,1.484375,0
6,0.5,1.1801659379504,1.1768326049504,0.21354809613829,0.75407736664875,0.203125,0.515625,0
38,0.5,1.211701926389,1.208368593389,0.24021709620698,0.77385644511822,0.203125,0.546875,0
70,0.5,1.2473170431897,1.2439837101897,0.2684548609856,0.79479899879178,0.203125,0.578125,0
102,0.5,1.2847066074469,1.2813732744469,0.29826139047414,0.81690502766943,0.203125,0.609375,0
134,0.5,1.3238671633345,1.3205338303345,0.3296366846726,0.84017453175117,0.203125,0.640625,0
166,0.5,1.3647972353555,1.3614639023555,0.36258074358098,0.86460751103699,0.203125,0.671875,0
198,0.5,1.4074970708034,1.4041637378034,0.39709356719929,0.8902039655269,0.203125,0.703125,0
230,0.5,1.4519683933559,1.4486350603559,0.43317515552753,0.9169638952209,0.203125,0.734375,0
262,0.5,1.4982141717898,1.4948808387898,0.47082550856568,0.94488730011898,0.203125,0.765625,0
294,0.5,1.5462384064149,1.5429050734149,0.51004462631376,0.97397418022115,0.203125,0.796875,0
326,0.5,1.5960459346843,1.5927126016843,0.55083250877176,1.0042245355274,0.203125,0.828125,0
358,0.5,1.6476422565397,1.6443089235397,0.59318915593969,1.0356383660377,0.203125,0.859375,0
390,0.5,1.701033379357,1.697700046357,0.63711456781753,1.0682156717522,0.203125,0.890625,0
422,0.5,1.7562256818489,1.7528923488489,0.6826087444053,1.1019564526707,0.203125,0.921875,0
454,0.5,1.8132257959187,1.8098924629187,0.729671685703,1.1368607087933,0.203125,0.953125,0
486,0.5,1.8720405052251,1.8687071722251,0.77830339171062,1.17292844012,0.203125,0.984375,0
518,0.5,1.93267665908,1.92934332608,0.82850386242816,1.2101596466508,0.203125,1.015625,0
550,0.5,1.9951411002366,1.9918077672366,0.88027309785562,1.2485543283856,0.203125,1.046875,0
582,0.5,2.0594406051248,2.0561072721248,0.93361109799301,1.2881124853246,0.203125,1.078125,0
614,0.5,2.1255818351267,2.1222485021267,0.98851786284032,1.3288341174676,0.203125,1.109375,0
646,0.5,2.1935712975526,2.1902379645526,1.0449933923975,1.3707192248147,0.203125,1.140625,0
678,0.5,2.2634153150666,2.2600819820666,1.1030376866647,1.413767807366,0.203125,1.171875,0
710,0.5,2.3351200024074,2.3317866694074,1.1626507456418,1.4579798651213,0.203125,1.203125,0
742,0.5,2.4086912493555,2.4053579163555,1.2238325693288,1.5033553980806,0.203125,1.234375,0
774,0.5,2.4841347090019,2.4808013760019,1.2865831577257,1.5498944062441,0.203125,1.265625,0
806,0.5,2.5614557904754,2.5581224574754,1.3509025108326,1.5975968896117,0.203125,1.296875,0
838,0.5,2.6406596553847,2.6373263223847,1.4167906286493,1.6464628481833,0.203125,1.328125,0
870,0.5,2.721751217322,2.718417884322,1.484247511176,1.696492281959,0.203125,1.359375,0
902,0.5,2.8047351438594,2.8014018108594,1.5532731584126,1.7476851909389,0.203125,1.390625,0
934,0.5,2.8896158605461,2.8862825275461,1.6238675703592,1.8000415751228,0.203125,1.421875,0
966,0.5,2.9763975564853,2.9730642234853,1.6960307470156,1.8535614345108,0.203125,1.453125,0
998,0.5,3.0635327186694,3.0601993856694,1.769762688382,1.9082447691028,0.203125,1.484375,0
7,0.5,1.0891740582674,1.0858407252674,0.19699603894325,0.85010575705122,0.234375,0.515625,0
39,0.5,1.1181440174168,1.1148106844168,0.2215979317773,0.87240361297387,0.234375,0.546875,0
71,0.5,1.15094419791,1.14761086491,0.24764699477806,0.89601310748021,0.234375,0.578125,0
103,0.5,1.1853995433948,1.1820662103948,0.27514322794553,0.92093424057024,0.234375,0.609375,0
135,0.5,1.2215130353088,1.2181797023088,0.30408663127971,0.94716701224395,0.234375,0.640625,0
167,0.5,1.2592894311817,1.2559560981817,0.3344772047806,0.97471142250135,0.234375,0.671875,0
199,0.5,1.2987349560407,1.2954016230407,0.36631494844819,1.0035674713424,0.234375,0.703125,0
231,0.5,1.3398570173846,1.3365236843846,0.3995998622825,1.0337351587672,0.234375,0.734375,0
263,0.5,1.3826639462331,1.3793306132331,0.43433194628351,1.0652144847757,0.234375,0.765625,0
295,0.5,1.4271647653956,1.4238314323956,0.47051120045123,1.0980054493678,0.234375,0.796875,0
327,0.5,1.4733689850347,1.4700356520347,0.50813762478566,1.1321080525436,0.234375,0.828125,0
359,0.5,1.5212864247904,1.5179530917904,0.5472112192868,1.1675222943031,0.234375,0.859375,0
391,0.5,1.5709270611499,1.5675937281499,0.58773198395465,1.2042481746463,0.234375,0.890625,0
423,0.5,1.6223008983509,1.6189675653509,0.62969991878921,1.2422856935732,0.234375,0.921875,0
455,0.5,1.6754178608611,1.6720845278611,0.67311502379048,1.2816348510838,0.234375,0.953125,0
487,0.5,1.7302877053565,1.7269543723565,0.71797729895846,1.322295647178,0.234375,0.984375,0
519,0.5,1.7869199500906,1.7835866170906,0.76428674429314,1.364268081856,0.234375,1.015625,0
551,0.5,1.8453238195873,1.8419904865873,0.81204335979453,1.4075521551176,0.234375,1.046875,0
583,0.5,1.9055082026829,1.9021748696829,0.86124714546264,1.4521478669629,0.234375,1.078125,0
615,0.5,1.9674816220644,1.9641482890644,0.91189810129745,1.4980552173919,0.234375,1.109375,0
647,0.5,2.0312522136024,2.0279188806024,0.96399622729897,1.5452742064046,0.234375,1.140625,0
679,0.5,2.0968277139273,2.0934943809273,1.0175415234672,1.5938048340009,0.234375,1.171875,0
711,0.5,2.1642154548647,2.1608821218647,1.0725339898021,1.643647100181,0.234375,1.203125,0
743,0.5,2.2334223634981,2.2300890304981,1.1289736263038,1.6948010049447,0.234375,1.234375,0
775,0.5,2.3044549667798,2.3011216337798,1.1868604329721,1.7472665482922,0.234375,1.265625,0
807,0.5,2.3773193997555,2.3739860667555,1.2461944098072,1.8010437302233,0.234375,1.296875,0
839,0.5,2.452021416593,2.448688083593,1.306975556809,1.8561325507381,0.234375,1.328125,0
871,0.5,2.5285664037301,2.5252330707301,1.3692038739775,1.9125330098365,0.234375,1.359375,0
903,0.5,2.6069593945601,2.6036260615601,1.4328793613127,1.9702451075187,0.234375,1.390625,0
935,0.5,2.6872050851691,2.6838717521691,1.4980020188146,2.0292688437846,0.234375,1.421875,0
967,0.5,2.7693078507231,2.7659745177231,1.5645718464832,2.0896042186341,0.234375,1.453125,0
999,0.5,2.8522619488637,2.8489286158637,1.6325888443185,2.1512512320673,0.234375,1.484375,0
8,0.5,0.98777818040734,0.98444484740734,0.1785468022042,0.93794716429821,0.265625,0.515625,0
40,0.5,1.0138742244438,1.0105408914438,0.20084465812685,0.96254905713226,0.265625,0.546875,0
72,0.5,1.0435306506424,1.0401973176424,0.2244541526332,0.98859812013302,0.265625,0.578125,0
104,0.5,1.0747113531213,1.0713780201213,0.24937528572322,1.0160943533005,0.265625,0.609375,0
136,0.5,1.1074271956863,1.1040938626863,0.27560805739693,1.0450377566347,0.265625,0.640625,0
168,0.5,1.1416905809646,1.1383572479646,0.30315246765433,1.0754283301356,0.265625,0.671875,0
200,0.5,1.1775150731307,1.1741817401307,0.33200851649541,1.1072660738032,0.265625,0.703125,0
232,0.5,1.2149150595828,1.2115817265828,0.36217620392018,1.1405509876375,0.265625,0.734375,0
264,0.5,1.2539054525527,1.2505721195527,0.39365552992864,1.1752830716385,0.265625,0.765625,0
296,0.5,1.2945014302406,1.2911680972406,0.42644649452078,1.2114623258062,0.265625,0.796875,0
328,0.5,1.3367182160085,1.3333848830085,0.4605490976966,1.2490887501406,0.265625,0.828125,0
360,0.5,1.3805708934057,1.3772375604057,0.49596333945611,1.2881623446418,0.265625,0.859375,0
392,0.5,1.4260742542846,1.4227409212846,0.53268921979931,1.3286831093096,0.265625,0.890625,0
424,0.5,1.4732426769612,1.4699093439612,0.57072673872619,1.3706510441442,0.265625,0.921875,0
456,0.5,1.5220900312304,1.5187566982304,0.61007589623676,1.4140661491454,0.265625,0.953125,0
488,0.5,1.5726296070365,1.5692962740365,0.65073669233101,1.4589284243134,0.265625,0.984375,0
520,0.5,1.6248740636865,1.6215407306865,0.69270912700895,1.5052378696481,0.265625,1.015625,0
552,0.5,1.6788353966509,1.6755020636509,0.73599320027057,1.5529944851495,0.265625,1.046875,0
584,0.5,1.7345249192071,1.7311915862071,0.78058891211588,1.6021982708176,0.265625,1.078125,0
616,0.5,1.7919532564143,1.7886199234143,0.82649626254488,1.6528492266524,0.265625,1.109375,0
648,0.5,1.8511303491636,1.8477970161636,0.87371525155756,1.7049473526539,0.265625,1.140625,0
680,0.5,1.9120654663008,1.9087321333008,0.92224587915393,1.7584926488222,0.265625,1.171875,0
712,0.5,1.9747672230699,1.9714338900699,0.97208814533398,1.8134851151571,0.265625,1.203125,0
744,0.5,2.0392436043637,2.0359102713637,1.0232420500977,1.8699247516587,0.265625,1.234375,0
776,0.5,2.1055019914873,2.1021686584873,1.0757075934451,1.9278115583271,0.265625,1.265625,0
808,0.5,2.1735491913473,2.1702158583473,1.1294847753762,1.9871455351622,0.265625,1.296875,0
840,0.5,2.2433914671566,2.2400581341566,1.184573595891,2.0479266821639,0.265625,1.328125,0
872,0.5,2.3150345699125,2.3117012369125,1.2409740549895,2.1101549993324,0.265625,1.359375,0
904,0.5,2.3884837700454,2.3851504370454,1.2986861526717,2.1738304866676,0.265625,1.390625,0
936,0.5,2.4637438887585,2.4604105557585,1.3577098889375,2.2389531441695,0.265625,1.421875,0
968,0.5,2.5408193286862,2.5374859956862,1.4180452637871,2.3055229718381,0.265625,1.453125,0
1000,0.5,2.6193436779372,2.6160103449372,1.4796922772203,2.3735399696734,0.265625,1.484375,0
9,0.5,0.87697328066822,0.87363994766822,0.15837806215631,1.0167556276189,0.296875,0.515625,0
41,0.5,0.89990519173786,0.89657185873786,0.17815714062579,1.0434246276876,0.296875,0.546875,0
73,0.5,0.92611482700209,0.92278149400209,0.19909969429935,1.0716623924662,0.296875,0.578125,0
105,0.5,0.95370900571541,0.95037567271541,0.221205723177,1.1014689219548,0.296875,0.609375,0
137,0.5,0.98270836212865,0.97937502912865,0.24447522725874,1.1328442161532,0.296875,0.640625,0
169,0.5,1.0131347922662,1.0098014592662,0.26890820654456,1.1657882750616,0.296875,0.671875,0
201,0.5,1.0450109804854,1.0416776474854,0.29450466103447,1.2003010986799,0.296875,0.703125,0
233,0.5,1.078359984306,1.075026651306,0.32126459072846,1.2363826870082,0.296875,0.734375,0
265,0.5,1.1132048771995,1.1098715441995,0.34918799562655,1.2740330400463,0.296875,0.765625,0
297,0.5,1.1495684474684,1.1462351144684,0.37827487572872,1.3132521577944,0.296875,0.796875,0
329,0.5,1.1874729501587,1.1841396171587,0.40852523103497,1.3540400402524,0.296875,0.828125,0
361,0.5,1.2269399081032,1.2236065751032,0.43993906154532,1.3963966874203,0.296875,0.859375,0
393,0.5,1.2679899576345,1.2646566246345,0.47251636725975,1.4403220992982,0.296875,0.890625,0
425,0.5,1.3106427342013,1.3073094012013,0.50625714817826,1.4858162758859,0.296875,0.921875,0
457,0.5,1.354916793021,1.351583460021,0.54116140430087,1.5328792171836,0.296875,0.953125,0
489,0.5,1.4008295599648,1.3974962269648,0.57722913562756,1.5815109231913,0.296875,0.984375,0
521,0.5,1.4483973080719,1.4450639750719,0.61446034215833,1.6317113939088,0.296875,1.015625,0
553,0.5,1.4976351553748,1.4943018223748,0.6528550238932,1.6834806293363,0.296875,1.046875,0
585,0.5,1.5485570800744,1.5452237470744,0.69241318083215,1.7368186294737,0.296875,1.078125,0
617,0.5,1.6011759494958,1.5978426164958,0.73313481297518,1.791725394321,0.296875,1.109375,0
649,0.5,1.6555035596653,1.6521702266653,0.77501992032231,1.8482009238782,0.296875,1.140625,0
681,0.5,1.7115506827559,1.7082173497559,0.81806850287352,1.9062452181453,0.296875,1.171875,0
713,0.5,1.769327120046,1.765993787046,0.86228056062882,1.9658582771224,0.296875,1.203125,0
745,0.5,1.8288417584031,1.8255084254031,0.9076560935882,2.0270401008094,0.296875,1.234375,0
777,0.5,1.8901026286488,1.8867692956488,0.95419510175167,2.0897906892064,0.296875,1.265625,0
809,0.5,1.9531169644658,1.9497836314658,1.0018975851192,2.1541100423132,0.296875,1.296875,0
841,0.5,2.0178912607818,2.0145579277818,1.0507635436909,2.21999816013,0.296875,1.328125,0
873,0.5,2.0844313308007,2.0810979978007,1.1007929774666,2.2874550426567,0.296875,1.359375,0
905,0.5,2.1527423610555,2.1494090280555,1.1519858864464,2.3564806898933,0.296875,1.390625,0
937,0.5,2.2228289640299,2.2194956310299,1.2043422706303,2.4270751018398,0.296875,1.421875,0
969,0.5,2.2946952280373,2.2913618950373,1.2578621300183,2.4992382784963,0.296875,1.453125,0
1001,0.5,2.368726345388,2.365393012388,1.3125454646104,2.5729702198627,0.296875,1.484375,0
10,0.5,0.75785796718849,0.75452463418849,0.13668405479161,1.0857721784305,0.328125,0.515625,0
42,0.5,0.77734895525632,0.77401562225632,0.1537538724699,1.1142514486844,0.328125,0.546875,0
74,0.5,0.79983429093541,0.79650095793541,0.17182779707044,1.1444059701298,0.328125,0.578125,0
106,0.5,0.82355949580028,0.82022616280028,0.19090582859323,1.1762357427665,0.328125,0.609375,0
138,0.5,0.84855765997254,0.84522432697254,0.21098796703828,1.2097407665946,0.328125,0.640625,0
170,0.5,0.87486280247224,0.87152946947224,0.23207421240558,1.2449210416142,0.328125,0.671875,0
202,0.5,0.90250925387264,0.89917592087264,0.25416456469514,1.2817765678251,0.328125,0.703125,0
234,0.5,0.93153112234009,0.92819778934009,0.27725902390694,1.3203073452275,0.328125,0.734375,0
266,0.5,0.96196184243344,0.95862850943344,0.301357590041,1.3605133738212,0.328125,0.765625,0
298,0.5,0.99383380398193,0.99050047098193,0.32646026309731,1.4023946536064,0.328125,0.796875,0
330,0.5,1.0271780566858,1.0238447236858,0.35256704307587,1.445951184583,0.328125,0.828125,0
362,0.5,1.062024084789,1.058690751789,0.37967792997668,1.491182966751,0.328125,0.859375,0
394,0.5,1.0983996452481,1.0950663122481,0.40779292379975,1.5380900001104,0.328125,0.890625,0
426,0.5,1.1363306622468,1.1329973292468,0.43691202454507,1.5866722846611,0.328125,0.921875,0
458,0.5,1.1758411706492,1.1725078376492,0.46703523221264,1.6369298204034,0.328125,0.953125,0
490,0.5,1.2169533010081,1.2136199680081,0.49816254680247,1.688862607337,0.328125,0.984375,0
522,0.5,1.2596872989963,1.2563539659963,0.53029396831454,1.742470645462,0.328125,1.015625,0
554,0.5,1.3040615725642,1.3007282395642,0.56342949674887,1.7977539347784,0.328125,1.046875,0
586,0.5,1.350092760689,1.346759427689,0.59756913210545,1.8547124752862,0.328125,1.078125,0
618,0.5,1.3977958182256,1.3944624852256,0.63271287438428,1.9133462669855,0.328125,1.109375,0
650,0.5,1.447184112059,1.443850779059,0.66886072358537,1.9736553098761,0.328125,1.140625,0
682,0.5,1.4982695244472,1.4949361914472,0.70601267970871,2.0356396039582,0.328125,1.171875,0
714,0.5,1.5510625601156,1.5477292271156,0.7441687427543,2.0992991492316,0.328125,1.203125,0
746,0.5,1.6055724542952,1.6022391212952,0.78332891272214,2.1646339456965,0.328125,1.234375,0
778,0.5,1.6618072794658,1.6584739464658,0.82349318961224,2.2316439933528,0.328125,1.265625,0
810,0.5,1.7197740490798,1.7164407160798,0.86466157342459,2.3003292922004,0.328125,1.296875,0
842,0.5,1.7794788169821,1.7761454839821,0.90683406415919,2.3706898422395,0.328125,1.328125,0
874,0.5,1.8409267716227,1.8375934386227,0.95001066181604,2.44272564347,0.328125,1.359375,0
906,0.5,1.9041223244687,1.9007889914687,0.99419136639514,2.5164366958919,0.328125,1.390625,0
938,0.5,1.969069192284,1.965735859284,1.0393761778965,2.5918229995052,0.328125,1.421875,0
970,0.5,2.0357704731469,2.0324371401469,1.0855650963201,2.6688845543099,0.328125,1.453125,0
1002,0.5,2.1054971003797,2.1021637673797,1.132758121666,2.747621360306,0.328125,1.484375,0
11,0.5,0.63163790385586,0.62830457085586,0.11367370526015,1.1443321496204,0.359375,0.515625,0
43,0.5,0.64741269817806,0.64407936517806,0.1278698704717,1.1743474191186,0.359375,0.546875,0
75,0.5,0.66591783290899,0.66258449990899,0.14290110422511,1.206128292705,0.359375,0.578125,0
107,0.5,0.68551935771792,0.68218602471792,0.15876740652038,1.2396747703795,0.359375,0.609375,0
139,0.5,0.70626706138593,0.70293372838593,0.1754687773575,1.2749868521421,0.359375,0.640625,0
171,0.5,0.72821123132636,0.72487789832636,0.19300521673647,1.3120645379929,0.359375,0.671875,0
203,0.5,0.75140179686454,0.74806846386454,0.21137672465731,1.3509078279318,0.359375,0.703125,0
235,0.5,0.7758875908087,0.7725542578087,0.23058330111999,1.3915167219588,0.359375,0.734375,0
267,0.5,0.80171573174637,0.79838239874636,0.25062494612454,1.433891220074,0.359375,0.765625,0
299,0.5,0.82893112607569,0.82559779307569,0.27150165967094,1.4780313222773,0.359375,0.796875,0
331,0.5,0.85757608555728,0.85424275255728,0.2932134417592,1.5239370285687,0.359375,0.828125,0
363,0.5,0.88769005332471,0.88435672032471,0.31576029238931,1.5716083389483,0.359375,0.859375,0
395,0.5,0.91930942896655,0.91597609596655,0.33914221156128,1.6210452534159,0.359375,0.890625,0
427,0.5,0.95246748158585,0.94913414858585,0.3633591992751,1.6722477719718,0.359375,0.921875,0
459,0.5,0.9871943386912,0.9838610056912,0.38841125553078,1.7252158946157,0.359375,0.953125,0
491,0.5,1.0235170383592,1.0201837053592,0.41429838032832,1.7799496213478,0.359375,0.984375,0
523,0.5,1.0614596322645,1.0581262992645,0.44102057366771,1.836448952168,0.359375,1.015625,0
555,0.5,1.1010433278034,1.0977099948034,0.46857783554896,1.8947138870764,0.359375,1.046875,0
587,0.5,1.1422866585239,1.1389533255239,0.49697016597206,1.9547444260728,0.359375,1.078125,0
619,0.5,1.1852056732999,1.1818723402999,0.52619756493702,2.0165405691574,0.359375,1.109375,0
651,0.5,1.2298141360408,1.2264808030408,0.55626003244384,2.0801023163302,0.359375,1.140625,0
683,0.5,1.2761237291122,1.2727903961122,0.58715756849251,2.1454296675911,0.359375,1.171875,0
715,0.5,1.3241442549884,1.3208109219884,0.61889017308304,2.2125226229401,0.359375,1.203125,0
747,0.5,1.3738838318986,1.3705504988986,0.65145784621543,2.2813811823772,0.359375,1.234375,0
779,0.5,1.4253490803464,1.4220157473464,0.68486058788967,2.3520053459025,0.359375,1.265625,0
811,0.5,1.4785452983397,1.4752119653397,0.71909839810577,2.4243951135159,0.359375,1.296875,0
843,0.5,1.5334766239778,1.5301432909778,0.75417127686372,2.4985504852174,0.359375,1.328125,0
875,0.5,1.5901461846958,1.5868128516958,0.79007922416353,2.5744714610071,0.359375,1.359375,0
907,0.5,1.6485562329834,1.6452228999834,0.82682224000519,2.6521580408849,0.359375,1.390625,0
939,0.5,1.7087082687894,1.7053749357894,0.86440032438871,2.7316102248508,0.359375,1.421875,0
971,0.5,1.770603149107,1.767269816107,0.90281347731409,2.8128280129049,0.359375,1.453125,0
1003,0.5,1.8365621861231,1.8332288531231,0.94206169878132,2.895811405047,0.359375,1.484375,0
12,0.5,0.49965167168487,0.49631833868487,0.089568615806672,1.1918715766538,0.390625,0.515625,0
44,0.5,0.51140450608919,0.50807117308919,0.10075441172009,1.2231337819431,0.390625,0.546875,0
76,0.5,0.52568183535426,0.52234850235426,0.11259819562841,1.2562349404847,0.390625,0.578125,0
108,0.5,0.54092459562251,0.53759126262251,0.12509996753163,1.2911750522786,0.390625,0.609375,0
140,0.5,0.55720696091405,0.55387362791405,0.13825972742977,1.3279541173248,0.390625,0.640625,0
172,0.5,0.57460294902343,0.57126961602343,0.15207747532281,1.3665721356233,0.390625,0.671875,0
204,0.5,0.59318509217979,0.58985175917979,0.16655321121075,1.4070291071741,0.390625,0.703125,0
236,0.5,0.61302328188628,0.60968994888628,0.18168693509361,1.4493250319773,0.390625,0.734375,0
268,0.5,0.63418380645244,0.63085047345244,0.19747864697137,1.4934599100327,0.390625,0.765625,0
300,0.5,0.65672859190411,0.65339525890411,0.21392834684403,1.5394337413405,0.390625,0.796875,0
332,0.5,0.68071464815503,0.67738131515503,0.23103603471161,1.5872465259006,0.390625,0.828125,0
364,0.5,0.70619371352687,0.70286038052687,0.24880171057409,1.636898263713,0.390625,0.859375,0
396,0.5,0.73321208282057,0.72987874982057,0.26722537443148,1.6883889547777,0.390625,0.890625,0
428,0.5,0.76181059787225,0.75847726487225,0.28630702628377,1.7417185990947,0.390625,0.921875,0
460,0.5,0.79202477528873,0.78869144228873,0.30604666613097,1.796887196664,0.390625,0.953125,0
492,0.5,0.82388504396129,0.82055171096129,0.32644429397308,1.8538947474856,0.390625,0.984375,0
524,0.5,0.85741706484901,0.85408373184901,0.34749990981009,1.9127412515595,0.390625,1.015625,0
556,0.5,0.89264210706236,0.88930877406236,0.36921351364201,1.9734267088858,0.390625,1.046875,0
588,0.5,0.92957745701667,0.92624412401667,0.39158510546884,2.0359511194644,0.390625,1.078125,0
620,0.5,0.9682368408997,0.9649035078997,0.41461468529057,2.1003144832952,0.390625,1.109375,0
652,0.5,1.0086308444811,1.0052975114811,0.43830225310721,2.1665168003784,0.390625,1.140625,0
684,0.5,1.050767318042,1.047433985042,0.46264780891876,2.2345580707139,0.390625,1.171875,0
716,0.5,1.0946517576688,1.0913184246688,0.48765135272521,2.3044382943017,0.390625,1.203125,0
748,0.5,1.140287657188,1.136954324188,0.51331288452657,2.3761574711418,0.390625,1.234375,0
780,0.5,1.1876768275355,1.1843434945355,0.53963240432284,2.4497156012342,0.390625,1.265625,0
812,0.5,1.2368196823555,1.2334863493555,0.56660991211401,2.525112684579,0.390625,1.296875,0
844,0.5,1.2877154901312,1.2843821571312,0.5942454079001,2.602348721176,0.390625,1.328125,0
876,0.5,1.3403625942276,1.3370292612276,0.62253889168108,2.6814237110254,0.390625,1.359375,0
908,0.5,1.3947586029431,1.3914252699431,0.65149036345698,2.762337654127,0.390625,1.390625,0
940,0.5,1.450900552088,1.447567219088,0.68109982322778,2.845090550481,0.390625,1.421875,0
972,0.5,1.508785042813,1.505451709813,0.71136727099348,2.9296824000873,0.390625,1.453125,0
1004,0.5,1.5719833976999,1.5686500646999,0.7422927067541,3.0161132029459,0.390625,1.484375,0
13,0.5,0.36348256054184,0.36014922754184,0.064600931619789,1.2279326288608,0.421875,0.515625,0
45,0.5,0.37077913160585,0.36744579860585,0.072668632905639,1.2601406978145,0.421875,0.546875,0
77,0.5,0.38054523781286,0.37721190481286,0.081210904855363,1.2942433590596,0.421875,0.578125,0
109,0.5,0.39118468240081,0.38785134940081,0.090227747468961,1.3302406125961,0.421875,0.609375,0
141,0.5,0.4028130385308,0.3994797055308,0.099719160746432,1.368132458424,0.421875,0.640625,0
173,0.5,0.41554432138252,0.41221098838252,0.10968514468778,1.4079188965434,0.421875,0.671875,0
205,0.5,0.42948840450336,0.42615507150336,0.120125699293,1.4495999269541,0.421875,0.703125,0
237,0.5,0.44474874016513,0.44141540716513,0.13104082456209,1.4931755496562,0.421875,0.734375,0
269,0.5,0.4614204881776,0.4580871551776,0.14243052049505,1.5386457646496,0.421875,0.765625,0
301,0.5,0.47958912767068,0.47625579467068,0.15429478709189,1.5860105719345,0.421875,0.796875,0
333,0.5,0.49932958634065,0.49599625334065,0.1666336243526,1.6352699715108,0.421875,0.828125,0
365,0.5,0.52070587866242,0.51737254566242,0.17944703227719,1.6864239633785,0.421875,0.859375,0
397,0.5,0.54377120575524,0.54043787275524,0.19273501086565,1.7394725475376,0.421875,0.890625,0
429,0.5,0.56856844047217,0.56523510747217,0.20649756011798,1.7944157239881,0.421875,0.921875,0
461,0.5,0.59513090471028,0.59179757171028,0.22073468003419,1.8512534927299,0.421875,0.953125,0
493,0.5,0.6234833419522,0.6201500089522,0.23544637061427,1.9099858537632,0.421875,0.984375,0
525,0.5,0.65364299450723,0.65030966150723,0.25063263185823,1.9706128070878,0.421875,1.015625,0
557,0.5,0.68562070848654,0.68228737548654,0.26629346376605,2.0331343527039,0.421875,1.046875,0
589,0.5,0.71942200668998,0.71608867368998,0.28242886633775,2.0975504906113,0.421875,1.078125,0
621,0.5,0.75504808728753,0.75171475428753,0.29903883957333,2.1638612208102,0.421875,1.109375,0
653,0.5,0.79249672231498,0.78916338931498,0.31612338347278,2.2320665433004,0.421875,1.140625,0
685,0.5,0.83176304336688,0.82842971036688,0.3336824980361,2.3021664580821,0.421875,1.171875,0
717,0.5,0.87284021203558,0.86950687903558,0.35171618326329,2.3741609651551,0.421875,1.203125,0
749,0.5,0.91571997973238,0.91238664673238,0.37022443915436,2.4480500645195,0.421875,1.234375,0
781,0.5,0.96039314596851,0.95705981296851,0.38920726570931,2.5238337561754,0.421875,1.265625,0
813,0.5,1.0068499265276,1.0035165935276,0.40866466292812,2.6015120401226,0.421875,1.296875,0
845,0.5,1.0550802437899,1.0517469107899,0.42859663081081,2.6810849163612,0.421875,1.328125,0
877,0.5,1.1050739512644,1.1017406182644,0.44900316935737,2.7625523848912,0.421875,1.359375,0
909,0.5,1.1568210035447,1.1534876705447,0.46988427856781,2.8459144457126,0.421875,1.390625,0
941,0.5,1.2103115817229,1.2069782487229,0.49123995844212,2.9311710988254,0.421875,1.421875,0
973,0.5,1.2655361829837,1.2622028499837,0.51307020898031,3.0183223442296,0.421875,1.453125,0
1005,0.5,1.3275261025184,1.3241927695184,0.53537503018236,3.1073681819252,0.421875,1.484375,0
14,0.5,0.22553856121206,0.22220522821206,0.039011105146946,1.2521680185956,0.453125,0.515625,0
46,0.5,0.22740910456542,0.22407577156542,0.043883015431596,1.285011769903,0.453125,0.546875,0
78,0.5,0.23215230859002,0.22881897559002,0.049041508674168,1.3197875065814,0.453125,0.578125,0
110,0.5,0.23780309516868,0.23446976216868,0.054486584874659,1.3564952286309,0.453125,0.609375,0
142,0.5,0.24457273545712,0.24123940245712,0.060218244033072,1.3951349360514,0.453125,0.640625,0
174,0.5,0.25266504023247,0.24933170723247,0.066236486149405,1.4357066288429,0.453125,0.671875,0
206,0.5,0.26226775584923,0.25893442284923,0.072541311223659,1.4782103070055,0.453125,0.703125,0
238,0.5,0.27354518335434,0.27021185035434,0.079132719255834,1.522645970539,0.453125,0.734375,0
270,0.5,0.28663298388043,0.28329965088043,0.086010710245929,1.5690136194436,0.453125,0.765625,0
302,0.5,0.30163573279858,0.29830239979858,0.093175284193944,1.6173132537193,0.453125,0.796875,0
334,0.5,0.31862724509631,0.31529391209631,0.10062644109988,1.6675448733659,0.453125,0.828125,0
366,0.5,0.33765320173895,0.33431986873895,0.10836418096374,1.7197084783836,0.453125,0.859375,0
398,0.5,0.35873530752984,0.35540197452984,0.11638850378552,1.7738040687723,0.453125,0.890625,0
430,0.5,0.38187615062063,0.37854281762063,0.12469940956521,1.829831644532,0.453125,0.921875,0
462,0.5,0.40706406244694,0.40373072944694,0.13329689830283,1.8877912056628,0.453125,0.953125,0
494,0.5,0.43427749946529,0.43094416646529,0.14218096999837,1.9476827521645,0.453125,0.984375,0
526,0.5,0.46348869688367,0.46015536388367,0.15135162465183,2.0095062840373,0.453125,1.015625,0
558,0.5,0.49466652655199,0.49133319355199,0.16080886226321,2.0732618012812,0.453125,1.046875,0
590,0.5,0.52777860917146,0.52444527617146,0.17055268283251,2.138949303896,0.453125,1.078125,0
622,0.5,0.56279279139629,0.55945945839629,0.18058308635974,2.2065687918819,0.453125,1.109375,0
654,0.5,0.59967811739529,0.59634478439529,0.19090007284488,2.2761202652388,0.453125,1.140625,0
686,0.5,0.63840541863515,0.63507208563515,0.20150364228794,2.3476037239667,0.453125,1.171875,0
718,0.5,0.67894762791531,0.67561429491531,0.21239379468893,2.4210191680657,0.453125,1.203125,0
750,0.5,0.72127990235429,0.71794656935429,0.22357053004783,2.4963665975356,0.453125,1.234375,0
782,0.5,0.76537961967839,0.76204628667839,0.23503384836466,2.5736460123766,0.453125,1.265625,0
814,0.5,0.81122629483042,0.80789296183042,0.2467837496394,2.6528574125887,0.453125,1.296875,0
846,0.5,0.85880145013347,0.85546811713347,0.25882023387207,2.7340007981717,0.453125,1.328125,0
878,0.5,0.90808846178738,0.90475512878738,0.27114330106265,2.8170761691258,0.453125,1.359375,0
910,0.5,0.95907239781523,0.95573906481523,0.28375295121116,2.9020835254509,0.453125,1.390625,0
942,0.5,1.0117398571172,1.0084065241172,0.29664918431759,2.989022867147,0.453125,1.421875,0
974,0.5,1.0660788154925,1.0627454824925,0.30983200038194,3.0778941942141,0.453125,1.453125,0
1006,0.5,1.1286665377204,1.1253332047204,0.32330139940421,3.1686975066523,0.453125,1.484375,0
15,0.5,0.09510539134238,0.09177205834238,0.013045580405898,1.2643443458066,0.484375,0.515625,0
47,0.5,0.086855732543791,0.083522399543791,0.014674780530051,1.2975074761884,0.484375,0.546875,0
79,0.5,0.084029377247311,0.080696044247311,0.016399815955624,1.3326213789456,0.484375,0.578125,0
111,0.5,0.082798771704599,0.079465438704599,0.018220686682618,1.3696860540782,0.484375,0.609375,0
143,0.5,0.084014844290427,0.080681511290427,0.020137392711033,1.4087015015863,0.484375,0.640625,0
175,0.5,0.088392204182,0.085058871182,0.022149934040868,1.4496677214697,0.484375,0.671875,0
207,0.5,0.096307996799985,0.092974663799985,0.024258310672124,1.4925847137285,0.484375,0.703125,0
239,0.5,0.10775775220084,0.10442441920084,0.026462522604801,1.5374524783627,0.484375,0.734375,0
271,0.5,0.1224834728697,0.1191501398697,0.028762569838899,1.5842710153723,0.484375,0.765625,0
303,0.5,0.14014164932158,0.13680831632158,0.031158452374418,1.6330403247573,0.484375,0.796875,0
335,0.5,0.16041033016721,0.15707699716721,0.033650170211357,1.6837604065178,0.484375,0.828125,0
367,0.5,0.18302838256255,0.17969504956255,0.036237723349717,1.7364312606536,0.484375,0.859375,0
399,0.5,0.20779740835903,0.20446407535903,0.038921111789497,1.7910528871648,0.484375,0.890625,0
431,0.5,0.23457063824304,0.23123730524304,0.041700335530699,1.8476252860514,0.484375,0.921875,0
463,0.5,0.26324020891435,0.25990687591435,0.044575394573321,1.9061484573134,0.484375,0.953125,0
495,0.5,0.29372654461723,0.29039321161723,0.047546288917364,1.9666224009509,0.484375,0.984375,0
527,0.5,0.325970402982,0.322637069982,0.050613018562828,2.0290471169637,0.484375,1.015625,0
559,0.5,0.35992716918677,0.35659383618677,0.053775583509712,2.0934226053519,0.484375,1.046875,0
591,0.5,0.39556282564173,0.39222949264173,0.057033983758017,2.1597488661155,0.484375,1.078125,0
623,0.5,0.43285111036441,0.42951777736441,0.060388219307743,2.2280258992546,0.484375,1.109375,0
655,0.5,0.4717715030553,0.4684381700553,0.063838290158889,2.298253704769,0.484375,1.140625,0
687,0.5,0.51230778518541,0.50897445218541,0.067384196311457,2.3704322826588,0.484375,1.171875,0
719,0.5,0.55444699956664,0.55111366656664,0.071025937765445,2.444561632924,0.484375,1.203125,0
751,0.5,0.59817869004116,0.59484535704116,0.074763514520854,2.5206417555647,0.484375,1.234375,0
783,0.5,0.64349433948541,0.64016100648541,0.078596926577683,2.5986726505807,0.484375,1.265625,0
815,0.5,0.69038694970725,0.68705361670725,0.082526173935933,2.6786543179721,0.484375,1.296875,0
847,0.5,0.7388507239824,0.7355173909824,0.086551256595604,2.760586757739,0.484375,1.328125,0
879,0.5,0.78888082464894,0.78554749164894,0.090672174556696,2.8444699698812,0.484375,1.359375,0
911,0.5,0.8404731861791,0.8371398531791,0.094888927819209,2.9303039543988,0.484375,1.390625,0
943,0.5,0.89362436967933,0.89029103667933,0.099201516383142,3.0180887112919,0.484375,1.421875,0
975,0.5,0.94833144863441,0.94499811563441,0.1036099402485,3.1078242405603,0.484375,1.453125,0
1007,0.5,1.0123167055878,1.0089833725878,0.10811419941527,3.1995105422041,0.484375,1.484375,0
16,0.5,0.09510539134238,0.09177205834238,-0.013045580405898,1.2643443458066,0.515625,0.515625,0
48,0.5,0.086855732543791,0.083522399543791,-0.014674780530051,1.2975074761884,0.515625,0.546875,0
80,0.5,0.084029377247311,0.080696044247311,-0.016399815955624,1.3326213789456,0.515625,0.578125,0
112,0.5,0.082798771704599,0.079465438704599,-0.018220686682618,1.3696860540782,0.515625,0.609375,0
144,0.5,0.084014844290427,0.080681511290427,-0.020137392711033,1.4087015015863,0.515625,0.640625,0
176,0.5,0.088392204182,0.085058871182,-0.022149934040868,1.4496677214697,0.515625,0.671875,0
208,0.5,0.096307996799985,0.092974663799985,-0.024258310672124,1.4925847137285,0.515625,0.703125,0
240,0.5,0.10775775220084,0.10442441920084,-0.026462522604801,1.5374524783627,0.515625,0.734375,0
272,0.5,0.1224834728697,0.1191501398697,-0.028762569838899,1.5842710153723,0.515625,0.765625,0
304,0.5,0.14014164932158,0.13680831632158,-0.031158452374418,1.6330403247573,0.515625,0.796875,0
336,0.5,0.16041033016721,0.15707699716721,-0.033650170211357,1.6837604065178,0.515625,0.828125,0
368,0.5,0.18302838256255,0.17969504956255,-0.036237723349717,1.7364312606536,0.515625,0.859375,0
400,0.5,0.20779740835903,0.20446407535903,-0.038921111789497,1.7910528871648,0.515625,0.890625,0
432,0.5,0.23457063824304,0.23123730524304,-0.041700335530699,1.8476252860514,0.515625,0.921875,0
464,0.5,0.26324020891435,0.25990687591435,-0.044575394573321,1.9061484573134,0.515625,0.953125,0
496,0.5,0.29372654461723,0.29039321161723,-0.047546288917364,1.9666224009509,0.515625,0.984375,0
528,0.5,0.325970402982,0.322637069982,-0.050613018562827,2.0290471169637,0.515625,1.015625,0
560,0.5,0.35992716918677,0.35659383618677,-0.053775583509712,2.0934226053519,0.515625,1.046875,0
592,0.5,0.39556282564173,0.39222949264173,-0.057033983758017,2.1597488661155,0.515625,1.078125,0
624,0.5,0.43285111036441,0.42951777736441,-0.060388219307743,2.2280258992546,0.515625,1.109375,0
656,0.5,0.4717715030553,0.4684381700553,-0.063838290158889,2.298253704769,0.515625,1.140625,0
688,0.5,0.51230778518541,0.50897445218541,-0.067384196311457,2.3704322826588,0.515625,1.171875,0
720,0.5,0.55444699956664,0.55111366656664,-0.071025937765445,2.444561632924,0.515625,1.203125,0
752,0.5,0.59817869004116,0.59484535704116,-0.074763514520853,2.5206417555647,0.515625,1.234375,0
784,0.5,0.64349433948541,0.64016100648541,-0.078596926577683,2.5986726505807,0.515625,1.265625,0
816,0.5,0.69038694970725,0.68705361670725,-0.082526173935933,2.6786543179721,0.515625,1.296875,0
848,0.5,0.7388507239824,0.7355173909824,-0.086551256595604,2.760586757739,0.515625,1.328125,0
880,0.5,0.78888082464894,0.78554749164894,-0.090672174556696,2.8444699698812,0.515625,1.359375,0
912,0.5,0.8404731861791,0.8371398531791,-0.094888927819209,2.9303039543988,0.515625,1.390625,0
944,0.5,0.89362436967933,0.89029103667933,-0.099201516383142,3.0180887112919,0.515625,1.421875,0
976,0.5,0.9483314486344,0.9449981156344,-0.1036099402485,3.1078242405603,0.515625,1.453125,0
1008,0.5,1.0123167055878,1.0089833725878,-0.10811419941527,3.1995105422041,0.515625,1.484375,0
17,0.5,0.22553856121206,0.22220522821206,-0.039011105146946,1.2521680185956,0.546875,0.515625,0
49,0.5,0.22740910456542,0.22407577156542,-0.043883015431596,1.285011769903,0.546875,0.546875,0
81,0.5,0.23215230859002,0.22881897559002,-0.049041508674167,1.3197875065814,0.546875,0.578125,0
113,0.5,0.23780309516868,0.23446976216868,-0.054486584874659,1.3564952286309,0.546875,0.609375,0
145,0.5,0.24457273545712,0.24123940245712,-0.060218244033072,1.3951349360514,0.546875,0.640625,0
177,0.5,0.25266504023247,0.24933170723247,-0.066236486149405,1.4357066288429,0.546875,0.671875,0
209,0.5,0.26226775584923,0.25893442284923,-0.072541311223659,1.4782103070055,0.546875,0.703125,0
241,0.5,0.27354518335434,0.27021185035434,-0.079132719255833,1.522645970539,0.546875,0.734375,0
273,0.5,0.28663298388043,0.28329965088043,-0.086010710245929,1.5690136194436,0.546875,0.765625,0
305,0.5,0.30163573279858,0.29830239979858,-0.093175284193944,1.6173132537193,0.546875,0.796875,0
337,0.5,0.31862724509631,0.31529391209631,-0.10062644109988,1.6675448733659,0.546875,0.828125,0
369,0.5,0.33765320173895,0.33431986873895,-0.10836418096374,1.7197084783836,0.546875,0.859375,0
401,0.5,0.35873530752984,0.35540197452984,-0.11638850378552,1.7738040687723,0.546875,0.890625,0
433,0.5,0.38187615062063,0.37854281762063,-0.12469940956521,1.829831644532,0.546875,0.921875,0
465,0.5,0.40706406244694,0.40373072944694,-0.13329689830283,1.8877912056628,0.546875,0.953125,0
497,0.5,0.43427749946529,0.43094416646529,-0.14218096999837,1.9476827521645,0.546875,0.984375,0
529,0.5,0.46348869688367,0.46015536388367,-0.15135162465183,2.0095062840373,0.546875,1.015625,0
561,0.5,0.49466652655199,0.49133319355199,-0.16080886226321,2.0732618012812,0.546875,1.046875,0
593,0.5,0.52777860917146,0.52444527617146,-0.17055268283251,2.138949303896,0.546875,1.078125,0
625,0.5,0.56279279139628,0.55945945839628,-0.18058308635974,2.2065687918819,0.546875,1.109375,0
657,0.5,0.59967811739529,0.59634478439529,-0.19090007284488,2.2761202652388,0.546875,1.140625,0
689,0.5,0.63840541863515,0.63507208563515,-0.20150364228794,2.3476037239667,0.546875,1.171875,0
721,0.5,0.67894762791531,0.67561429491531,-0.21239379468893,2.4210191680657,0.546875,1.203125,0
753,0.5,0.72127990235429,0.71794656935429,-0.22357053004783,2.4963665975356,0.546875,1.234375,0
785,0.5,0.76537961967839,0.76204628667839,-0.23503384836466,2.5736460123766,0.546875,1.265625,0
817,0.5,0.81122629483042,0.80789296183042,-0.2467837496394,2.6528574125887,0.546875,1.296875,0
849,0.5,0.85880145013347,0.85546811713347,-0.25882023387207,2.7340007981717,0.546875,1.328125,0
881,0.5,0.90808846178738,0.90475512878738,-0.27114330106265,2.8170761691258,0.546875,1.359375,0
913,0.5,0.95907239781523,0.95573906481523,-0.28375295121116,2.9020835254509,0.546875,1.390625,0
945,0.5,1.0117398571172,1.0084065241172,-0.29664918431759,2.989022867147,0.546875,1.421875,0
977,0.5,1.0660788154925,1.0627454824925,-0.30983200038194,3.0778941942141,0.546875,1.453125,0
1009,0.5,1.1286665377204,1.1253332047204,-0.32330139940421,3.1686975066523,0.546875,1.484375,0
18,0.5,0.36348256054184,0.36014922754184,-0.064600931619789,1.2279326288608,0.578125,0.515625,0
50,0.5,0.37077913160585,0.36744579860585,-0.072668632905639,1.2601406978145,0.578125,0.546875,0
82,0.5,0.38054523781286,0.37721190481286,-0.081210904855363,1.2942433590596,0.578125,0.578125,0
114,0.5,0.39118468240081,0.38785134940081,-0.090227747468961,1.3302406125961,0.578125,0.609375,0
146,0.5,0.4028130385308,0.3994797055308,-0.099719160746432,1.368132458424,0.578125,0.640625,0
178,0.5,0.41554432138252,0.41221098838252,-0.10968514468778,1.4079188965434,0.578125,0.671875,0
210,0.5,0.42948840450336,0.42615507150336,-0.120125699293,1.4495999269541,0.578125,0.703125,0
242,0.5,0.44474874016513,0.44141540716513,-0.13104082456209,1.4931755496562,0.578125,0.734375,0
274,0.5,0.46142048817761,0.45808715517761,-0.14243052049505,1.5386457646496,0.578125,0.765625,0
306,0.5,0.47958912767068,0.47625579467068,-0.15429478709189,1.5860105719345,0.578125,0.796875,0
338,0.5,0.49932958634065,0.49599625334065,-0.1666336243526,1.6352699715108,0.578125,0.828125,0
370,0.5,0.52070587866242,0.51737254566242,-0.17944703227719,1.6864239633785,0.578125,0.859375,0
402,0.5,0.54377120575524,0.54043787275524,-0.19273501086565,1.7394725475376,0.578125,0.890625,0
434,0.5,0.56856844047217,0.56523510747217,-0.20649756011798,1.7944157239881,0.578125,0.921875,0
466,0.5,0.59513090471028,0.59179757171028,-0.22073468003419,1.8512534927299,0.578125,0.953125,0
498,0.5,0.6234833419522,0.6201500089522,-0.23544637061427,1.9099858537632,0.578125,0.984375,0
530,0.5,0.65364299450723,0.65030966150723,-0.25063263185823,1.9706128070878,0.578125,1.015625,0
562,0.5,0.68562070848654,0.68228737548654,-0.26629346376605,2.0331343527039,0.578125,1.046875,0
594,0.5,0.71942200668998,0.71608867368998,-0.28242886633775,2.0975504906113,0.578125,1.078125,0
626,0.5,0.75504808728753,0.75171475428753,-0.29903883957333,2.1638612208102,0.578125,1.109375,0
658,0.5,0.79249672231498,0.78916338931498,-0.31612338347278,2.2320665433004,0.578125,1.140625,0
690,0.5,0.83176304336688,0.82842971036688,-0.3336824980361,2.3021664580821,0.578125,1.171875,0
722,0.5,0.87284021203558,0.86950687903558,-0.35171618326329,2.3741609651551,0.578125,1.203125,0
754,0.5,0.91571997973238,0.91238664673238,-0.37022443915436,2.4480500645195,0.578125,1.234375,0
786,0.5,0.96039314596851,0.95705981296851,-0.38920726570931,2.5238337561754,0.578125,1.265625,0
818,0.5,1.0068499265276,1.0035165935276,-0.40866466292812,2.6015120401226,0.578125,1.296875,0
850,0.5,1.0550802437899,1.0517469107899,-0.42859663081081,2.6810849163612,0.578125,1.328125,0
882,0.5,1.1050739512644,1.1017406182644,-0.44900316935737,2.7625523848912,0.578125,1.359375,0
914,0.5,1.1568210035447,1.1534876705447,-0.46988427856781,2.8459144457126,0.578125,1.390625,0
946,0.5,1.2103115817229,1.2069782487229,-0.49123995844212,2.9311710988254,0.578125,1.421875,0
978,0.5,1.2655361829837,1.2622028499837,-0.5130702089803,3.0183223442296,0.578125,1.453125,0
1010,0.5,1.3275261025184,1.3241927695184,-0.53537503018236,3.1073681819252,0.578125,1.484375,0
19,0.5,0.49965167168486,0.49631833868486,-0.089568615806672,1.1918715766538,0.609375,0.515625,0
51,0.5,0.51140450608919,0.50807117308919,-0.10075441172009,1.2231337819431,0.609375,0.546875,0
83,0.5,0.52568183535426,0.52234850235426,-0.11259819562841,1.2562349404847,0.609375,0.578125,0
115,0.5,0.54092459562251,0.53759126262251,-0.12509996753163,1.2911750522786,0.609375,0.609375,0
147,0.5,0.55720696091405,0.55387362791405,-0.13825972742977,1.3279541173248,0.609375,0.640625,0
179,0.5,0.57460294902343,0.57126961602343,-0.15207747532281,1.3665721356233,0.609375,0.671875,0
211,0.5,0.59318509217979,0.58985175917979,-0.16655321121075,1.4070291071741,0.609375,0.703125,0
243,0.5,0.61302328188628,0.60968994888628,-0.18168693509361,1.4493250319773,0.609375,0.734375,0
275,0.5,0.63418380645244,0.63085047345244,-0.19747864697137,1.4934599100327,0.609375,0.765625,0
307,0.5,0.65672859190411,0.65339525890411,-0.21392834684403,1.5394337413405,0.609375,0.796875,0
339,0.5,0.68071464815502,0.67738131515502,-0.23103603471161,1.5872465259006,0.609375,0.828125,0
371,0.5,0.70619371352687,0.70286038052687,-0.24880171057409,1.636898263713,0.609375,0.859375,0
403,0.5,0.73321208282057,0.72987874982057,-0.26722537443148,1.6883889547777,0.609375,0.890625,0
435,0.5,0.76181059787225,0.75847726487225,-0.28630702628377,1.7417185990947,0.609375,0.921875,0
467,0.5,0.79202477528873,0.78869144228873,-0.30604666613097,1.796887196664,0.609375,0.953125,0
499,0.5,0.82388504396128,0.82055171096128,-0.32644429397308,1.8538947474856,0.609375,0.984375,0
531,0.5,0.85741706484901,0.85408373184901,-0.34749990981009,1.9127412515595,0.609375,1.015625,0
563,0.5,0.89264210706235,0.88930877406235,-0.36921351364201,1.9734267088858,0.609375,1.046875,0
595,0.5,0.92957745701667,0.92624412401667,-0.39158510546884,2.0359511194644,0.609375,1.078125,0
627,0.5,0.9682368408997,0.9649035078997,-0.41461468529057,2.1003144832952,0.609375,1.109375,0
659,0.5,1.0086308444811,1.0052975114811,-0.43830225310721,2.1665168003784,0.609375,1.140625,0
691,0.5,1.050767318042,1.047433985042,-0.46264780891876,2.2345580707139,0.609375,1.171875,0
723,0.5,1.0946517576688,1.0913184246688,-0.48765135272521,2.3044382943017,0.609375,1.203125,0
755,0.5,1.140287657188,1.136954324188,-0.51331288452657,2.3761574711418,0.609375,1.234375,0
787,0.5,1.1876768275355,1.1843434945355,-0.53963240432284,2.4497156012342,0.609375,1.265625,0
819,0.5,1.2368196823555,1.2334863493555,-0.56660991211401,2.525112684579,0.609375,1.296875,0
851,0.5,1.2877154901312,1.2843821571312,-0.59424540790009,2.602348721176,0.609375,1.328125,0
883,0.5,1.3403625942276,1.3370292612276,-0.62253889168108,2.6814237110254,0.609375,1.359375,0
915,0.5,1.3947586029431,1.3914252699431,-0.65149036345698,2.762337654127,0.609375,1.390625,0
947,0.5,1.450900552088,1.447567219088,-0.68109982322778,2.845090550481,0.609375,1.421875,0
979,0.5,1.5087850428129,1.5054517098129,-0.71136727099348,2.9296824000873,0.609375,1.453125,0
1011,0.5,1.5719833976999,1.5686500646999,-0.7422927067541,3.0161132029459,0.609375,1.484375,0
20,0.5,0.63163790385586,0.62830457085586,-0.11367370526015,1.1443321496204,0.640625,0.515625,0
52,0.5,0.64741269817806,0.64407936517806,-0.1278698704717,1.1743474191186,0.640625,0.546875,0
84,0.5,0.66591783290899,0.66258449990899,-0.14290110422511,1.206128292705,0.640625,0.578125,0
116,0.5,0.68551935771792,0.68218602471792,-0.15876740652038,1.2396747703795,0.640625,0.609375,0
148,0.5,0.70626706138593,0.70293372838593,-0.1754687773575,1.2749868521421,0.640625,0.640625,0
180,0.5,0.72821123132636,0.72487789832636,-0.19300521673647,1.3120645379929,0.640625,0.671875,0
212,0.5,0.75140179686454,0.74806846386454,-0.2113767246573,1.3509078279318,0.640625,0.703125,0
244,0.5,0.7758875908087,0.7725542578087,-0.23058330111999,1.3915167219588,0.640625,0.734375,0
276,0.5,0.80171573174637,0.79838239874637,-0.25062494612454,1.433891220074,0.640625,0.765625,0
308,0.5,0.82893112607569,0.82559779307569,-0.27150165967094,1.4780313222773,0.640625,0.796875,0
340,0.5,0.85757608555728,0.85424275255728,-0.29321344175919,1.5239370285687,0.640625,0.828125,0
372,0.5,0.88769005332471,0.88435672032471,-0.31576029238931,1.5716083389483,0.640625,0.859375,0
404,0.5,0.91930942896655,0.91597609596655,-0.33914221156128,1.6210452534159,0.640625,0.890625,0
436,0.5,0.95246748158585,0.94913414858585,-0.3633591992751,1.6722477719718,0.640625,0.921875,0
468,0.5,0.9871943386912,0.9838610056912,-0.38841125553078,1.7252158946157,0.640625,0.953125,0
500,0.5,1.0235170383592,1.0201837053592,-0.41429838032832,1.7799496213478,0.640625,0.984375,0
532,0.5,1.0614596322645,1.0581262992645,-0.44102057366771,1.836448952168,0.640625,1.015625,0
564,0.5,1.1010433278034,1.0977099948034,-0.46857783554896,1.8947138870764,0.640625,1.046875,0
596,0.5,1.1422866585239,1.1389533255239,-0.49697016597206,1.9547444260728,0.640625,1.078125,0
628,0.5,1.1852056732999,1.1818723402999,-0.52619756493702,2.0165405691574,0.640625,1.109375,0
660,0.5,1.2298141360408,1.2264808030408,-0.55626003244384,2.0801023163302,0.640625,1.140625,0
692,0.5,1.2761237291122,1.2727903961122,-0.58715756849251,2.1454296675911,0.640625,1.171875,0
724,0.5,1.3241442549884,1.3208109219884,-0.61889017308304,2.2125226229401,0.640625,1.203125,0
756,0.5,1.3738838318986,1.3705504988986,-0.65145784621543,2.2813811823772,0.640625,1.234375,0
788,0.5,1.4253490803464,1.4220157473464,-0.68486058788967,2.3520053459025,0.640625,1.265625,0
820,0.5,1.4785452983397,1.4752119653397,-0.71909839810576,2.4243951135159,0.640625,1.296875,0
852,0.5,1.5334766239778,1.5301432909778,-0.75417127686372,2.4985504852174,0.640625,1.328125,0
884,0.5,1.5901461846958,1.5868128516958,-0.79007922416353,2.5744714610071,0.640625,1.359375,0
916,0.5,1.6485562329834,1.6452228999834,-0.82682224000519,2.6521580408849,0.640625,1.390625,0
948,0.5,1.7087082687894,1.7053749357894,-0.86440032438871,2.7316102248508,0.640625,1.421875,0
980,0.5,1.770603149107,1.767269816107,-0.90281347731409,2.8128280129049,0.640625,1.453125,0
1012,0.5,1.8365621861231,1.8332288531231,-0.94206169878132,2.895811405047,0.640625,1.484375,0
21,0.5,0.75785796718849,0.75452463418849,-0.13668405479161,1.0857721784305,0.671875,0.515625,0
53,0.5,0.77734895525632,0.77401562225632,-0.1537538724699,1.1142514486844,0.671875,0.546875,0
85,0.5,0.79983429093541,0.79650095793541,-0.17182779707044,1.1444059701298,0.671875,0.578125,0
117,0.5,0.82355949580028,0.82022616280028,-0.19090582859323,1.1762357427665,0.671875,0.609375,0
149,0.5,0.84855765997254,0.84522432697254,-0.21098796703828,1.2097407665946,0.671875,0.640625,0
181,0.5,0.87486280247224,0.87152946947224,-0.23207421240558,1.2449210416142,0.671875,0.671875,0
213,0.5,0.90250925387264,0.89917592087264,-0.25416456469514,1.2817765678251,0.671875,0.703125,0
245,0.5,0.93153112234009,0.92819778934009,-0.27725902390694,1.3203073452275,0.671875,0.734375,0
277,0.5,0.96196184243344,0.95862850943344,-0.301357590041,1.3605133738212,0.671875,0.765625,0
309,0.5,0.99383380398193,0.99050047098193,-0.32646026309731,1.4023946536064,0.671875,0.796875,0
341,0.5,1.0271780566858,1.0238447236858,-0.35256704307587,1.445951184583,0.671875,0.828125,0
373,0.5,1.062024084789,1.058690751789,-0.37967792997668,1.491182966751,0.671875,0.859375,0
405,0.5,1.0983996452481,1.0950663122481,-0.40779292379975,1.5380900001104,0.671875,0.890625,0
437,0.5,1.1363306622468,1.1329973292468,-0.43691202454507,1.5866722846611,0.671875,0.921875,0
469,0.5,1.1758411706492,1.1725078376492,-0.46703523221264,1.6369298204034,0.671875,0.953125,0
501,0.5,1.2169533010081,1.2136199680081,-0.49816254680247,1.688862607337,0.671875,0.984375,0
533,0.5,1.2596872989963,1.2563539659963,-0.53029396831454,1.742470645462,0.671875,1.015625,0
565,0.5,1.3040615725642,1.3007282395642,-0.56342949674887,1.7977539347784,0.671875,1.046875,0
597,0.5,1.350092760689,1.346759427689,-0.59756913210545,1.8547124752862,0.671875,1.078125,0
629,0.5,1.3977958182256,1.3944624852256,-0.63271287438428,1.9133462669855,0.671875,1.109375,0
661,0.5,1.447184112059,1.443850779059,-0.66886072358537,1.9736553098761,0.671875,1.140625,0
693,0.5,1.4982695244472,1.4949361914472,-0.70601267970871,2.0356396039582,0.671875,1.171875,0
725,0.5,1.5510625601156,1.5477292271156,-0.7441687427543,2.0992991492316,0.671875,1.203125,0
757,0.5,1.6055724542952,1.6022391212952,-0.78332891272214,2.1646339456965,0.671875,1.234375,0
789,0.5,1.6618072794658,1.6584739464658,-0.82349318961224,2.2316439933528,0.671875,1.265625,0
821,0.5,1.7197740490798,1.7164407160798,-0.86466157342459,2.3003292922004,0.671875,1.296875,0
853,0.5,1.7794788169821,1.7761454839821,-0.90683406415919,2.3706898422395,0.671875,1.328125,0
885,0.5,1.8409267716227,1.8375934386227,-0.95001066181604,2.44272564347,0.671875,1.359375,0
917,0.5,1.9041223244687,1.9007889914687,-0.99419136639514,2.5164366958919,0.671875,1.390625,0
949,0.5,1.969069192284,1.965735859284,-1.0393761778965,2.5918229995052,0.671875,1.421875,0
981,0.5,2.0357704731469,2.0324371401469,-1.0855650963201,2.6688845543099,0.671875,1.453125,0
1013,0.5,2.1054971003797,2.1021637673797,-1.132758121666,2.747621360306,0.671875,1.484375,0
22,0.5,0.87697328066822,0.87363994766822,-0.15837806215631,1.0167556276189,0.703125,0.515625,0
54,0.5,0.89990519173787,0.89657185873787,-0.17815714062579,1.0434246276876,0.703125,0.546875,0
86,0.5,0.92611482700209,0.92278149400209,-0.19909969429935,1.0716623924662,0.703125,0.578125,0
118,0.5,0.95370900571541,0.95037567271541,-0.221205723177,1.1014689219548,0.703125,0.609375,0
150,0.5,0.98270836212864,0.97937502912864,-0.24447522725874,1.1328442161532,0.703125,0.640625,0
182,0.5,1.0131347922662,1.0098014592662,-0.26890820654456,1.1657882750616,0.703125,0.671875,0
214,0.5,1.0450109804854,1.0416776474854,-0.29450466103447,1.2003010986799,0.703125,0.703125,0
246,0.5,1.078359984306,1.075026651306,-0.32126459072846,1.2363826870082,0.703125,0.734375,0
278,0.5,1.1132048771995,1.1098715441995,-0.34918799562655,1.2740330400463,0.703125,0.765625,0
310,0.5,1.1495684474684,1.1462351144684,-0.37827487572872,1.3132521577944,0.703125,0.796875,0
342,0.5,1.1874729501587,1.1841396171587,-0.40852523103497,1.3540400402524,0.703125,0.828125,0
374,0.5,1.2269399081032,1.2236065751032,-0.43993906154532,1.3963966874203,0.703125,0.859375,0
406,0.5,1.2679899576345,1.2646566246345,-0.47251636725975,1.4403220992982,0.703125,0.890625,0
438,0.5,1.3106427342013,1.3073094012013,-0.50625714817826,1.4858162758859,0.703125,0.921875,0
470,0.5,1.354916793021,1.351583460021,-0.54116140430087,1.5328792171836,0.703125,0.953125,0
502,0.5,1.4008295599648,1.3974962269648,-0.57722913562756,1.5815109231913,0.703125,0.984375,0
534,0.5,1.4483973080719,1.4450639750719,-0.61446034215833,1.6317113939088,0.703125,1.015625,0
566,0.5,1.4976351553748,1.4943018223748,-0.6528550238932,1.6834806293363,0.703125,1.046875,0
598,0.5,1.5485570800744,1.5452237470744,-0.69241318083215,1.7368186294737,0.703125,1.078125,0
630,0.5,1.6011759494958,1.5978426164958,-0.73313481297518,1.791725394321,0.703125,1.109375,0
662,0.5,1.6555035596653,1.6521702266653,-0.77501992032231,1.8482009238782,0.703125,1.140625,0
694,0.5,1.7115506827559,1.7082173497559,-0.81806850287352,1.9062452181453,0.703125,1.171875,0
726,0.5,1.769327120046,1.765993787046,-0.86228056062882,1.9658582771224,0.703125,1.203125,0
758,0.5,1.8288417584031,1.8255084254031,-0.9076560935882,2.0270401008094,0.703125,1.234375,0
790,0.5,1.8901026286488,1.8867692956488,-0.95419510175167,2.0897906892064,0.703125,1.265625,0
822,0.5,1.9531169644658,1.9497836314658,-1.0018975851192,2.1541100423132,0.703125,1.296875,0
854,0.5,2.0178912607818,2.0145579277818,-1.0507635436909,2.21999816013,0.703125,1.328125,0
886,0.5,2.0844313308007,2.0810979978007,-1.1007929774666,2.2874550426567,0.703125,1.359375,0
918,0.5,2.1527423610555,2.1494090280555,-1.1519858864464,2.3564806898933,0.703125,1.390625,0
950,0.5,2.2228289640299,2.2194956310299,-1.2043422706303,2.4270751018398,0.703125,1.421875,0
982,0.5,2.2946952280373,2.2913618950373,-1.2578621300183,2.4992382784963,0.703125,1.453125,0
1014,0.5,2.368726345388,2.365393012388,-1.3125454646104,2.5729702198627,0.703125,1.484375,0
23,0.5,0.98777818040733,0.98444484740733,-0.1785468022042,0.93794716429821,0.734375,0.515625,0
55,0.5,1.0138742244438,1.0105408914438,-0.20084465812685,0.96254905713226,0.734375,0.546875,0
87,0.5,1.0435306506424,1.0401973176424,-0.2244541526332,0.98859812013302,0.734375,0.578125,0
119,0.5,1.0747113531213,1.0713780201213,-0.24937528572322,1.0160943533005,0.734375,0.609375,0
151,0.5,1.1074271956863,1.1040938626863,-0.27560805739693,1.0450377566347,0.734375,0.640625,0
183,0.5,1.1416905809646,1.1383572479646,-0.30315246765433,1.0754283301356,0.734375,0.671875,0
215,0.5,1.1775150731307,1.1741817401307,-0.33200851649541,1.1072660738032,0.734375,0.703125,0
247,0.5,1.2149150595828,1.2115817265828,-0.36217620392018,1.1405509876375,0.734375,0.734375,0
279,0.5,1.2539054525527,1.2505721195527,-0.39365552992864,1.1752830716385,0.734375,0.765625,0
311,0.5,1.2945014302406,1.2911680972406,-0.42644649452078,1.2114623258062,0.734375,0.796875,0
343,0.5,1.3367182160085,1.3333848830085,-0.4605490976966,1.2490887501406,0.734375,0.828125,0
375,0.5,1.3805708934057,1.3772375604057,-0.49596333945611,1.2881623446418,0.734375,0.859375,0
407,0.5,1.4260742542846,1.4227409212846,-0.53268921979931,1.3286831093096,0.734375,0.890625,0
439,0.5,1.4732426769612,1.4699093439612,-0.57072673872619,1.3706510441442,0.734375,0.921875,0
471,0.5,1.5220900312304,1.5187566982304,-0.61007589623676,1.4140661491454,0.734375,0.953125,0
503,0.5,1.5726296070365,1.5692962740365,-0.65073669233101,1.4589284243134,0.734375,0.984375,0
535,0.5,1.6248740636865,1.6215407306865,-0.69270912700895,1.5052378696481,0.734375,1.015625,0
567,0.5,1.6788353966509,1.6755020636509,-0.73599320027057,1.5529944851495,0.734375,1.046875,0
599,0.5,1.7345249192071,1.7311915862071,-0.78058891211588,1.6021982708176,0.734375,1.078125,0
631,0.5,1.7919532564143,1.7886199234143,-0.82649626254488,1.6528492266524,0.734375,1.109375,0
663,0.5,1.8511303491636,1.8477970161636,-0.87371525155756,1.7049473526539,0.734375,1.140625,0
695,0.5,1.9120654663008,1.9087321333008,-0.92224587915393,1.7584926488222,0.734375,1.171875,0
727,0.5,1.9747672230699,1.9714338900699,-0.97208814533398,1.8134851151571,0.734375,1.203125,0
759,0.5,2.0392436043637,2.0359102713637,-1.0232420500977,1.8699247516587,0.734375,1.234375,0
791,0.5,2.1055019914873,2.1021686584873,-1.0757075934451,1.9278115583271,0.734375,1.265625,0
823,0.5,2.1735491913473,2.1702158583473,-1.1294847753762,1.9871455351622,0.734375,1.296875,0
855,0.5,2.2433914671566,2.2400581341566,-1.184573595891,2.0479266821639,0.734375,1.328125,0
887,0.5,2.3150345699125,2.3117012369125,-1.2409740549895,2.1101549993324,0.734375,1.359375,0
919,0.5,2.3884837700454,2.3851504370454,-1.2986861526717,2.1738304866676,0.734375,1.390625,0
951,0.5,2.4637438887585,2.4604105557585,-1.3577098889375,2.2389531441695,0.734375,1.421875,0
983,0.5,2.5408193286862,2.5374859956862,-1.4180452637871,2.3055229718381,0.734375,1.453125,0
1015,0.5,2.6193436779372,2.6160103449372,-1.4796922772203,2.3735399696734,0.734375,1.484375,0
24,0.5,1.0891740582674,1.0858407252674,-0.19699603894325,0.85010575705122,0.765625,0.515625,0
56,0.5,1.1181440174167,1.1148106844167,-0.2215979317773,0.87240361297387,0.765625,0.546875,0
88,0.5,1.15094419791,1.14761086491,-0.24764699477806,0.89601310748021,0.765625,0.578125,0
120,0.5,1.1853995433948,1.1820662103948,-0.27514322794553,0.92093424057024,0.765625,0.609375,0
152,0.5,1.2215130353088,1.2181797023088,-0.30408663127971,0.94716701224395,0.765625,0.640625,0
184,0.5,1.2592894311817,1.2559560981817,-0.3344772047806,0.97471142250135,0.765625,0.671875,0
216,0.5,1.2987349560407,1.2954016230407,-0.36631494844819,1.0035674713424,0.765625,0.703125,0
248,0.5,1.3398570173846,1.3365236843846,-0.3995998622825,1.0337351587672,0.765625,0.734375,0
280,0.5,1.3826639462331,1.3793306132331,-0.43433194628351,1.0652144847757,0.765625,0.765625,0
312,0.5,1.4271647653956,1.4238314323956,-0.47051120045123,1.0980054493678,0.765625,0.796875,0
344,0.5,1.4733689850347,1.4700356520347,-0.50813762478566,1.1321080525436,0.765625,0.828125,0
376,0.5,1.5212864247904,1.5179530917904,-0.5472112192868,1.1675222943031,0.765625,0.859375,0
408,0.5,1.5709270611499,1.5675937281499,-0.58773198395465,1.2042481746463,0.765625,0.890625,0
440,0.5,1.6223008983509,1.6189675653509,-0.62969991878921,1.2422856935732,0.765625,0.921875,0
472,0.5,1.6754178608611,1.6720845278611,-0.67311502379048,1.2816348510838,0.765625,0.953125,0
504,0.5,1.7302877053565,1.7269543723565,-0.71797729895846,1.322295647178,0.765625,0.984375,0
536,0.5,1.7869199500906,1.7835866170906,-0.76428674429314,1.364268081856,0.765625,1.015625,0
568,0.5,1.8453238195873,1.8419904865873,-0.81204335979453,1.4075521551176,0.765625,1.046875,0
600,0.5,1.9055082026829,1.9021748696829,-0.86124714546264,1.4521478669629,0.765625,1.078125,0
632,0.5,1.9674816220644,1.9641482890644,-0.91189810129745,1.4980552173919,0.765625,1.109375,0
664,0.5,2.0312522136024,2.0279188806024,-0.96399622729897,1.5452742064046,0.765625,1.140625,0
696,0.5,2.0968277139272,2.0934943809272,-1.0175415234672,1.5938048340009,0.765625,1.171875,0
728,0.5,2.1642154548647,2.1608821218647,-1.0725339898021,1.643647100181,0.765625,1.203125,0
760,0.5,2.2334223634981,2.2300890304981,-1.1289736263038,1.6948010049447,0.765625,1.234375,0
792,0.5,2.3044549667798,2.3011216337798,-1.1868604329721,1.7472665482922,0.765625,1.265625,0
824,0.5,2.3773193997555,2.3739860667555,-1.2461944098072,1.8010437302233,0.765625,1.296875,0
856,0.5,2.452021416593,2.448688083593,-1.306975556809,1.8561325507381,0.765625,1.328125,0
888,0.5,2.5285664037301,2.5252330707301,-1.3692038739775,1.9125330098365,0.765625,1.359375,0
920,0.5,2.6069593945601,2.6036260615601,-1.4328793613127,1.9702451075187,0.765625,1.390625,0
952,0.5,2.6872050851691,2.6838717521691,-1.4980020188146,2.0292688437846,0.765625,1.421875,0
984,0.5,2.7693078507231,2.7659745177231,-1.5645718464832,2.0896042186341,0.765625,1.453125,0
1016,0.5,2.8522619488637,2.8489286158637,-1.6325888443185,2.1512512320673,0.765625,1.484375,0
25,0.5,1.1801659379504,1.1768326049504,-0.21354809613829,0.75407736664875,0.796875,0.515625,0
57,0.5,1.211701926389,1.208368593389,-0.24021709620698,0.77385644511822,0.796875,0.546875,0
89,0.5,1.2473170431897,1.2439837101897,-0.2684548609856,0.79479899879178,0.796875,0.578125,0
121,0.5,1.2847066074469,1.2813732744469,-0.29826139047414,0.81690502766943,0.796875,0.609375,0
153,0.5,1.3238671633345,1.3205338303345,-0.3296366846726,0.84017453175117,0.796875,0.640625,0
185,0.5,1.3647972353555,1.3614639023555,-0.36258074358098,0.86460751103699,0.796875,0.671875,0
217,0.5,1.4074970708034,1.4041637378034,-0.39709356719929,0.8902039655269,0.796875,0.703125,0
249,0.5,1.4519683933559,1.4486350603559,-0.43317515552753,0.9169638952209,0.796875,0.734375,0
281,0.5,1.4982141717898,1.4948808387898,-0.47082550856568,0.94488730011898,0.796875,0.765625,0
313,0.5,1.5462384064149,1.5429050734149,-0.51004462631376,0.97397418022115,0.796875,0.796875,0
345,0.5,1.5960459346843,1.5927126016843,-0.55083250877176,1.0042245355274,0.796875,0.828125,0
377,0.5,1.6476422565397,1.6443089235397,-0.59318915593969,1.0356383660377,0.796875,0.859375,0
409,0.5,1.701033379357,1.697700046357,-0.63711456781753,1.0682156717522,0.796875,0.890625,0
441,0.5,1.7562256818489,1.7528923488489,-0.6826087444053,1.1019564526707,0.796875,0.921875,0
473,0.5,1.8132257959187,1.8098924629187,-0.729671685703,1.1368607087933,0.796875,0.953125,0
505,0.5,1.8720405052251,1.8687071722251,-0.77830339171062,1.17292844012,0.796875,0.984375,0
537,0.5,1.93267665908,1.92934332608,-0.82850386242816,1.2101596466508,0.796875,1.015625,0
569,0.5,1.9951411002366,1.9918077672366,-0.88027309785562,1.2485543283856,0.796875,1.046875,0
601,0.5,2.0594406051248,2.0561072721248,-0.93361109799301,1.2881124853246,0.796875,1.078125,0
633,0.5,2.1255818351267,2.1222485021267,-0.98851786284032,1.3288341174676,0.796875,1.109375,0
665,0.5,2.1935712975526,2.1902379645526,-1.0449933923975,1.3707192248147,0.796875,1.140625,0
697,0.5,2.2634153150666,2.2600819820666,-1.1030376866647,1.413767807366,0.796875,1.171875,0
729,0.5,2.3351200024074,2.3317866694074,-1.1626507456418,1.4579798651213,0.796875,1.203125,0
761,0.5,2.4086912493555,2.4053579163555,-1.2238325693288,1.5033553980806,0.796875,1.234375,0
793,0.5,2.4841347090019,2.4808013760019,-1.2865831577257,1.5498944062441,0.796875,1.265625,0
825,0.5,2.5614557904754,2.5581224574754,-1.3509025108326,1.5975968896117,0.796875,1.296875,0
857,0.5,2.6406596553847,2.6373263223847,-1.4167906286493,1.6464628481833,0.796875,1.328125,0
889,0.5,2.721751217322,2.718417884322,-1.484247511176,1.696492281959,0.796875,1.359375,0
921,0.5,2.8047351438594,2.8014018108594,-1.5532731584126,1.7476851909389,0.796875,1.390625,0
953,0.5,2.8896158605461,2.8862825275461,-1.6238675703592,1.8000415751228,0.796875,1.421875,0
985,0.5,2.9763975564853,2.9730642234853,-1.6960307470156,1.8535614345108,0.796875,1.453125,0
1017,0.5,3.0635327186694,3.0601993856694,-1.769762688382,1.9082447691028,0.796875,1.484375,0
26,0.5,1.2598659886198,1.2565326556198,-0.22804356843025,0.65078679898483,0.828125,0.515625,0
58,0.5,1.2936416573446,1.2903083243446,-0.25652283868416,0.66785661666312,0.828125,0.546875,0
90,0.5,1.331718586192,1.328385253192,-0.28667736012949,0.68593054126366,0.828125,0.578125,0
122,0.5,1.371675552481,1.368342219481,-0.31850713276621,0.70500857278646,0.828125,0.609375,0
154,0.5,1.4135038481621,1.4101705151621,-0.35201215659435,0.7250907112315,0.828125,0.640625,0
186,0.5,1.4571969195839,1.4538635865839,-0.38719243161389,0.7461769565988,0.828125,0.671875,0
218,0.5,1.5027501486839,1.4994168156839,-0.42404795782484,0.76826730888836,0.828125,0.703125,0
250,0.5,1.5501606352463,1.5468273022463,-0.4625787352272,0.79136176810016,0.828125,0.734375,0
282,0.5,1.5994269855486,1.5960936525486,-0.50278476382096,0.81546033423422,0.828125,0.765625,0
314,0.5,1.6505491112738,1.6472157782738,-0.54466604360613,0.84056300729053,0.828125,0.796875,0
346,0.5,1.7035280413407,1.7001947083407,-0.58822257458271,0.86666978726909,0.828125,0.828125,0
378,0.5,1.7583657482974,1.7550324152974,-0.63345435675069,0.89378067416991,0.828125,0.859375,0
410,0.5,1.8150649901203,1.8117316571203,-0.68036139011008,0.92189566799297,0.828125,0.890625,0
442,0.5,1.8736291676321,1.8702958346321,-0.72894367466088,0.95101476873829,0.828125,0.921875,0
474,0.5,1.934062197285,1.930728864285,-0.77920121040308,0.98113797640586,0.828125,0.953125,0
506,0.5,1.9963683987122,1.9930350657122,-0.83113399733669,1.0122652909957,0.828125,0.984375,0
538,0.5,2.0605523962175,2.0572190632175,-0.88474203546171,1.0443967125078,0.828125,1.015625,0
570,0.5,2.1266190332243,2.1232857002243,-0.94002532477813,1.0775322409421,0.828125,1.046875,0
602,0.5,2.1945732986218,2.1912399656218,-0.99698386528596,1.1116718762987,0.828125,1.078125,0
634,0.5,2.2644202639179,2.2610869309179,-1.0556176569852,1.1468156185775,0.828125,1.109375,0
666,0.5,2.3361650301135,2.3328316971135,-1.1159266998758,1.1829634677786,0.828125,1.140625,0
698,0.5,2.4098126832481,2.4064793502481,-1.1779109939579,1.2201154239019,0.828125,1.171875,0
730,0.5,2.485368257622,2.482034924622,-1.2415705392314,1.2582714869475,0.828125,1.203125,0
762,0.5,2.5628367057626,2.5595033727626,-1.3069053356962,1.2974316569154,0.828125,1.234375,0
794,0.5,2.6422228742787,2.6388895412787,-1.3739153833525,1.3375959338055,0.828125,1.265625,0
826,0.5,2.7235314848182,2.7201981518182,-1.4426006822002,1.3787643176178,0.828125,1.296875,0
858,0.5,2.8067671194236,2.8034337864236,-1.5129612322392,1.4209368083524,0.828125,1.328125,0
890,0.5,2.8919342096499,2.8886008766499,-1.5849970334697,1.4641134060093,0.828125,1.359375,0
922,0.5,2.9790370288818,2.9757036958818,-1.6587080858916,1.5082941105884,0.828125,1.390625,0
954,0.5,3.0680796873504,3.0647463543504,-1.7340943895049,1.5534789220897,0.828125,1.421875,0
986,0.5,3.1590661294117,3.1557327964117,-1.8111559443097,1.5996678405133,0.828125,1.453125,0
1018,0.5,3.2499949843307,3.2466616513307,-1.8898927503058,1.6468608658592,0.828125,1.484375,0
27,0.5,1.3274991475707,1.3241658145707,-0.24034285649693,0.54122879869043,0.859375,0.515625,0
59,0.5,1.3631706492704,1.3598373162704,-0.27035812599517,0.55542496390199,0.859375,0.546875,0
91,0.5,1.4033343820604,1.4000010490604,-0.30213899958154,0.57045619765539,0.859375,0.578125,0
123,0.5,1.445468422177,1.442135089177,-0.33568547725604,0.58632249995066,0.859375,0.609375,0
155,0.5,1.4895598360056,1.4862265030056,-0.37099755901868,0.60302387078778,0.859375,0.640625,0
187,0.5,1.5355979893408,1.5322646563408,-0.40807524486945,0.62056031016675,0.859375,0.671875,0
219,0.5,1.5835743580351,1.5802410250351,-0.44691853480834,0.63893181808759,0.859375,0.703125,0
251,0.5,1.6334823316661,1.6301489986661,-0.48752742883537,0.65813839455028,0.859375,0.734375,0
283,0.5,1.6853170166832,1.6819836836832,-0.52990192695053,0.67818003955482,0.859375,0.765625,0
315,0.5,1.7390750439922,1.7357417109922,-0.57404202915383,0.69905675310122,0.859375,0.796875,0
347,0.5,1.7947543846214,1.7914210516214,-0.61994773544525,0.72076853518948,0.859375,0.828125,0
379,0.5,1.8523541760098,1.8490208430098,-0.66761904582481,0.74331538581959,0.859375,0.859375,0
411,0.5,1.911874560548,1.908541227548,-0.7170559602925,0.76669730499156,0.859375,0.890625,0
443,0.5,1.9733165372712,1.9699832042712,-0.76825847884832,0.79091429270538,0.859375,0.921875,0
475,0.5,2.0366818270394,2.0333484940394,-0.82122660149227,0.81596634896106,0.859375,0.953125,0
507,0.5,2.1019727511054,2.0986394181054,-0.87596032822435,0.8418534737586,0.859375,0.984375,0
539,0.5,2.1691921226594,2.1658587896594,-0.93245965904457,0.86857566709799,0.859375,1.015625,0
571,0.5,2.2383431507157,2.2350098177157,-0.99072459395291,0.89613292897924,0.859375,1.046875,0
603,0.5,2.3094293555639,2.3060960225639,-1.0507551329494,0.92452525940235,0.859375,1.078125,0
635,0.5,2.3824544949216,2.3791211619216,-1.112551276034,0.95375265836731,0.859375,1.109375,0
667,0.5,2.4574224998843,2.4540891668843,-1.1761130232067,0.98381512587412,0.859375,1.140625,0
699,0.5,2.5343374197674,2.5310040867674,-1.2414403744676,1.0147126619228,0.859375,1.171875,0
731,0.5,2.6132033749498,2.6098700419498,-1.3085333298166,1.0464452665133,0.859375,1.203125,0
763,0.5,2.6940245168709,2.6906911838709,-1.3773918892538,1.0790129396457,0.859375,1.234375,0
795,0.5,2.7768049943794,2.7734716613794,-1.448016052779,1.11241568132,0.859375,1.265625,0
827,0.5,2.8615489256889,2.8582155926889,-1.5204058203924,1.146653491536,0.859375,1.296875,0
859,0.5,2.9482603752554,2.9449270422554,-1.594561192094,1.181726370294,0.859375,1.328125,0
891,0.5,3.0369433349523,3.0336100019523,-1.6704821678836,1.2176343175938,0.859375,1.359375,0
923,0.5,3.1276017089791,3.1242683759791,-1.7481687477614,1.2543773334355,0.859375,1.390625,0
955,0.5,3.2202393019957,3.2169059689957,-1.8276209317274,1.291955417819,0.859375,1.421875,0
987,0.5,3.3148598100305,3.3115264770305,-1.9088387197814,1.3303685707444,0.859375,1.453125,0
1019,0.5,3.4090896888162,3.4057563558162,-1.9918221119236,1.3696167922116,0.859375,1.484375,0
28,0.5,1.3824090542428,1.3790757212428,-0.25032751147078,0.42645846919889,0.890625,0.515625,0
60,0.5,1.4196170046017,1.4162836716017,-0.28158971676006,0.43764426511231,0.890625,0.546875,0
92,0.5,1.4614736551152,1.4581403221152,-0.31469087530165,0.44948804902063,0.890625,0.578125,0
124,0.5,1.5053742852074,1.5020409522074,-0.34963098709555,0.46198982092385,0.890625,0.609375,0
156,0.5,1.5513026637815,1.5479693307815,-0.38641005214176,0.47514958082199,0.890625,0.640625,0
188,0.5,1.5992449754043,1.5959116424043,-0.42502807044028,0.48896732871503,0.890625,0.671875,0
220,0.5,1.6491896529822,1.6458563199822,-0.46548504199112,0.50344306460297,0.890625,0.703125,0
252,0.5,1.7011271972065,1.6977938642065,-0.50778096679426,0.51857678848583,0.890625,0.734375,0
284,0.5,1.7550499901536,1.7517166571536,-0.55191584484972,0.53436850036359,0.890625,0.765625,0
316,0.5,1.8109521088627,1.8076187758627,-0.59788967615748,0.55081820023625,0.890625,0.796875,0
348,0.5,1.8688291433324,1.8654958103324,-0.64570246071755,0.56792588810383,0.890625,0.828125,0
380,0.5,1.92867802218,1.92534468918,-0.69535419852994,0.58569156396631,0.890625,0.859375,0
412,0.5,1.9904968482128,1.9871635152128,-0.74684488959464,0.6041152278237,0.890625,0.890625,0
444,0.5,2.0542847453436,2.0509514123436,-0.80017453391164,0.62319687967599,0.890625,0.921875,0
476,0.5,2.120041717637,2.116708384637,-0.85534313148096,0.64293651952319,0.890625,0.953125,0
508,0.5,2.1877685207647,2.1844351877647,-0.91235068230259,0.6633341473653,0.890625,0.984375,0
540,0.5,2.257466545774,2.254133212774,-0.97119718637653,0.68438976320231,0.890625,1.015625,0
572,0.5,2.3291377147897,2.3258043817897,-1.0318826437028,0.70610336703423,0.890625,1.046875,0
604,0.5,2.4027843880815,2.3994510550815,-1.0944070542813,0.72847495886106,0.890625,1.078125,0
636,0.5,2.4784092817967,2.4750759487967,-1.1587704181122,0.75150453868279,0.890625,1.109375,0
668,0.5,2.5560153955876,2.5526820625876,-1.2249727351954,0.77519210649943,0.890625,1.140625,0
700,0.5,2.6356059493238,2.6322726163238,-1.2930140055309,0.79953766231098,0.890625,1.171875,0
732,0.5,2.7171843280786,2.7138509950786,-1.3628942291187,0.82454120611743,0.890625,1.203125,0
764,0.5,2.8007540345932,2.7974207015932,-1.4346134059588,0.85020273791879,0.890625,1.234375,0
796,0.5,2.8863186484547,2.8829853154547,-1.5081715360512,0.87652225771506,0.890625,1.265625,0
828,0.5,2.9738817912692,2.9705484582692,-1.583568619396,0.90349976550624,0.890625,1.296875,0
860,0.5,3.0634470971556,3.0601137641556,-1.660804655993,0.93113526129232,0.890625,1.328125,0
892,0.5,3.1550181879423,3.1516848549423,-1.7398796458424,0.9594287450733,0.890625,1.359375,0
924,0.5,3.248598652498,3.245265319498,-1.820793588944,0.9883802168492,0.890625,1.390625,0
956,0.5,3.3441920296827,3.3408586966827,-1.903546485298,1.01798967662,0.890625,1.421875,0
988,0.5,3.4418017944546,3.4384684614546,-1.9881383349043,1.0482571243857,0.890625,1.453125,0
1020,0.5,3.5387599490709,3.5354266160709,-2.0745691377629,1.0791825601463,0.890625,1.484375,0
29,0.5,1.4240635227747,1.4207301897747,-0.25790137566623,0.30758111152305,0.921875,0.515625,0
61,0.5,1.4624355708355,1.4591022378355,-0.29010944461995,0.3156488128089,0.921875,0.546875,0
93,0.5,1.5055757687465,1.5022424357465,-0.32421210586507,0.32419108475863,0.921875,0.578125,0
125,0.5,1.5508160367884,1.5474827037884,-0.36020935940159,0.33320792737223,0.921875,0.609375,0
157,0.5,1.5981377127306,1.5948043797306,-0.3981012052295,0.3426993406497,0.921875,0.640625,0
189,0.5,1.6475246374442,1.6441913044442,-0.43788764334881,0.35266532459104,0.921875,0.671875,0
221,0.5,1.6989630033186,1.6956296703186,-0.47956867375951,0.36310587919626,0.921875,0.703125,0
253,0.5,1.7524411848569,1.7491078518569,-0.52314429646161,0.37402100446535,0.921875,0.734375,0
285,0.5,1.8079495595329,1.8046162265329,-0.5686145114551,0.38541070039832,0.921875,0.765625,0
317,0.5,1.865480325386,1.862146992386,-0.61597931873999,0.39727496699516,0.921875,0.796875,0
349,0.5,1.9250273203874,1.9216939873874,-0.66523871831628,0.40961380425587,0.921875,0.828125,0
381,0.5,1.9865858473468,1.9832525143468,-0.71639271018396,0.42242721218045,0.921875,0.859375,0
413,0.5,2.050152507066,2.046819174066,-0.76944129434304,0.43571519076891,0.921875,0.890625,0
445,0.5,2.1157250415624,2.1123917085624,-0.82438447079351,0.44947774002125,0.921875,0.921875,0
477,0.5,2.183302188477,2.179968855477,-0.88122223953538,0.46371485993745,0.921875,0.953125,0
509,0.5,2.2528835472212,2.2495502142212,-0.93995460056864,0.47842655051754,0.921875,0.984375,0
541,0.5,2.3244694569898,2.3211361239898,-1.0005815538933,0.49361281176149,0.921875,1.015625,0
573,0.5,2.3980608864449,2.3947275534449,-1.0631030995094,0.50927364366932,0.921875,1.046875,0
605,0.5,2.4736593346484,2.4703260016484,-1.1275192374168,0.52540904624102,0.921875,1.078125,0
637,0.5,2.5512667426588,2.5479334096588,-1.1938299676156,0.54201901947659,0.921875,1.109375,0
669,0.5,2.6308854151121,2.6275520821121,-1.2620352901059,0.55910356337604,0.921875,1.140625,0
701,0.5,2.7125179510448,2.7091846180448,-1.3321352048875,0.57666267793936,0.921875,1.171875,0
733,0.5,2.7961671831996,2.7928338501996,-1.4041297119606,0.59469636316656,0.921875,1.203125,0
765,0.5,2.8818361250529,2.8785027920529,-1.478018811325,0.61320461905763,0.921875,1.234375,0
797,0.5,2.9695279248258,2.9661945918258,-1.5538025029808,0.63218744561257,0.921875,1.265625,0
829,0.5,3.0592458257731,3.0559124927731,-1.631480786928,0.65164484283139,0.921875,1.296875,0
861,0.5,3.1509931320849,3.1476597990849,-1.7110536631666,0.67157681071408,0.921875,1.328125,0
893,0.5,3.2447731797839,3.2414398467839,-1.7925211316967,0.69198334926064,0.921875,1.359375,0
925,0.5,3.3405893120454,3.3372559790454,-1.8758831925181,0.71286445847108,0.921875,1.390625,0
957,0.5,3.4384448584222,3.4351115254222,-1.9611398456309,0.73422013834539,0.921875,1.421875,0
989,0.5,3.5383431174971,3.5350097844971,-2.0482910910351,0.75605038888357,0.921875,1.453125,0
1021,0.5,3.6373968839386,3.6340635509386,-2.1373369287307,0.77835521008563,0.921875,1.484375,0
30,0.5,1.4520591782832,1.4487258452832,-0.26299150863077,0.18574157960231,0.953125,0.515625,0
62,0.5,1.4912129665615,1.4878796335615,-0.2958352599382,0.19061348988696,0.953125,0.546875,0
94,0.5,1.5352155194948,1.5318821864948,-0.33061099661665,0.19577198312953,0.953125,0.578125,0
126,0.5,1.581355930552,1.578022597552,-0.36731871866612,0.20121705933002,0.953125,0.609375,0
158,0.5,1.6296139346924,1.6262806016924,-0.40595842608662,0.20694871848843,0.953125,0.640625,0
190,0.5,1.6799718284192,1.6766384954192,-0.44653011887814,0.21296696060477,0.953125,0.671875,0
222,0.5,1.7324143283546,1.7290809953546,-0.48903379704069,0.21927178567902,0.953125,0.703125,0
254,0.5,1.7869284089739,1.7835950759739,-0.53346946057427,0.2258631937112,0.953125,0.734375,0
286,0.5,1.8435031280503,1.8401697950503,-0.57983710947887,0.23274118470129,0.953125,0.765625,0
318,0.5,1.9021294467216,1.8987961137216,-0.62813674375449,0.23990575864931,0.953125,0.796875,0
350,0.5,1.9628000496053,1.9594667166053,-0.67836836340114,0.24735691555524,0.953125,0.828125,0
382,0.5,2.0255091690821,2.0221758360821,-0.73053196841881,0.2550946554191,0.953125,0.859375,0
414,0.5,2.0902524167531,2.0869190837531,-0.78462755880751,0.26311897824088,0.953125,0.890625,0
446,0.5,2.1570266241513,2.1536932911513,-0.84065513456724,0.27142988402058,0.953125,0.921875,0
478,0.5,2.2258296940392,2.2224963610392,-0.89861469569799,0.28002737275819,0.953125,0.953125,0
510,0.5,2.2966604630222,2.2933271300222,-0.95850624219976,0.28891144445373,0.953125,0.984375,0
542,0.5,2.3695185757545,2.3661852427545,-1.0203297740726,0.29808209910719,0.953125,1.015625,0
574,0.5,2.4444043706576,2.4410710376576,-1.0840852913164,0.30753933671857,0.953125,1.046875,0
606,0.5,2.5213187768238,2.5179854438238,-1.1497727939312,0.31728315728788,0.953125,1.078125,0
638,0.5,2.6002632215954,2.5969298885954,-1.2173922819171,0.3273135608151,0.953125,1.109375,0
670,0.5,2.6812395481934,2.6779062151934,-1.286943755274,0.33763054730024,0.953125,1.140625,0
702,0.5,2.7642499426998,2.7609166096998,-1.3584272140019,0.3482341167433,0.953125,1.171875,0
734,0.5,2.8492968696633,2.8459635366633,-1.4318426581009,0.35912426914429,0.953125,1.203125,0
766,0.5,2.9363830155905,2.9330496825905,-1.5071900875708,0.37030100450319,0.953125,1.234375,0
798,0.5,3.0255112395991,3.0221779065991,-1.5844695024118,0.38176432282002,0.953125,1.265625,0
830,0.5,3.1166845305356,3.1133511975356,-1.6636809026239,0.39351422409476,0.953125,1.296875,0
862,0.5,3.2099059698975,3.2065726368975,-1.7448242882069,0.40555070832743,0.953125,1.328125,0
894,0.5,3.3051786999403,3.3018453669403,-1.827899659161,0.41787377551802,0.953125,1.359375,0
926,0.5,3.4025058963982,3.3991725633982,-1.9129070154861,0.43048342566652,0.953125,1.390625,0
958,0.5,3.5018907452911,3.4985574122911,-1.9998463571822,0.44337965877295,0.953125,1.421875,0
990,0.5,3.6033364233374,3.6000030903374,-2.0887176842494,0.4565624748373,0.953125,1.453125,0
1022,0.5,3.7038102700257,3.7004769370257,-2.1795209966875,0.47003187385957,0.953125,1.484375,0
31,0.5,1.4628981735983,1.4595648405983,-0.26554888960142,0.062113254733316,0.984375,0.515625,0
63,0.5,1.5023753261165,1.4990419931165,-0.29871201998324,0.063742454857469,0.984375,0.546875,0
95,0.5,1.5467424657264,1.5434091327264,-0.33382592274045,0.065467490283042,0.984375,0.578125,0
127,0.5,1.5932638719448,1.5899305389448,-0.37089059787306,0.067288361010036,0.984375,0.609375,0
159,0.5,1.6419186401252,1.6385853071252,-0.40990604538108,0.069205067038451,0.984375,0.640625,0
191,0.5,1.6926884492276,1.6893551162276,-0.45087226526449,0.071217608368286,0.984375,0.671875,0
223,0.5,1.7455574245679,1.7422240915679,-0.49378925752331,0.073325984999542,0.984375,0.703125,0
255,0.5,1.8005119785014,1.7971786455014,-0.53865702215753,0.075530196932219,0.984375,0.734375,0
287,0.5,1.8575406377817,1.8542073047817,-0.58547555916714,0.077830244166317,0.984375,0.765625,0
319,0.5,1.9166338646886,1.9133005316886,-0.63424486855216,0.080226126701835,0.984375,0.796875,0
351,0.5,1.9777838775126,1.9744505445126,-0.68496495031258,0.082717844538775,0.984375,0.828125,0
383,0.5,2.0409844746568,2.0376511416568,-0.7376358044484,0.085305397677135,0.984375,0.859375,0
415,0.5,2.1062308654837,2.1028975324837,-0.79225743095962,0.087988786116915,0.984375,0.890625,0
447,0.5,2.1735195100931,2.1701861770931,-0.84882982984624,0.090768009858117,0.984375,0.921875,0
479,0.5,2.242847969444,2.239514636444,-0.90735300110826,0.093643068900739,0.984375,0.953125,0
511,0.5,2.3142147666278,2.3108814336278,-0.96782694474569,0.096613963244782,0.984375,0.984375,0
543,0.5,2.3876192596209,2.3842859266209,-1.0302516607585,0.099680692890245,0.984375,1.015625,0
575,0.5,2.4630615254881,2.4597281924881,-1.0946271491467,0.10284325783713,0.984375,1.046875,0
607,0.5,2.5405422557424,2.5372089227424,-1.1609534099104,0.10610165808543,0.984375,1.078125,0
639,0.5,2.620062662384,2.616729329384,-1.2292304430494,0.10945589363516,0.984375,1.109375,0
671,0.5,2.7016243940109,2.6982910610109,-1.2994582485638,0.11290596448631,0.984375,1.140625,0
703,0.5,2.7852294613251,2.7818961283251,-1.3716368264536,0.11645187063887,0.984375,1.171875,0
735,0.5,2.8708801713136,2.8675468383136,-1.4457661767189,0.12009361209286,0.984375,1.203125,0
767,0.5,2.9585790693772,2.9552457363772,-1.5218462993595,0.12383118884827,0.984375,1.234375,0
799,0.5,3.0483288886878,3.0449955556878,-1.5998771943755,0.1276646009051,0.984375,1.265625,0
831,0.5,3.1401325060804,3.1367991730804,-1.679858861767,0.13159384826335,0.984375,1.296875,0
863,0.5,3.2339929038216,3.2306595708216,-1.7617913015338,0.13561893092302,0.984375,1.328125,0
895,0.5,3.3299131366355,3.3265798036355,-1.845674513676,0.13973984888411,0.984375,1.359375,0
927,0.5,3.4278963034133,3.4245629704133,-1.9315084981936,0.14395660214663,0.984375,1.390625,0
959,0.5,3.5279455230797,3.5246121900797,-2.0192932550867,0.14826919071056,0.984375,1.421875,0
991,0.5,3.6300639141318,3.6267305811318,-2.1090287843551,0.15267761457591,0.984375,1.453125,0
1023,0.5,3.7311500288426,3.7278166958426,-2.2007150859989,0.15718187374269,0.984375,1.484375,0
